SET session_replication_role = replica;

--
-- PostgreSQL database dump
--

-- Dumped from database version 17.4
-- Dumped by pg_dump version 17.4

SET statement_timeout = 0;
SET lock_timeout = 0;
SET idle_in_transaction_session_timeout = 0;
SET transaction_timeout = 0;
SET client_encoding = 'UTF8';
SET standard_conforming_strings = on;
SELECT pg_catalog.set_config('search_path', '', false);
SET check_function_bodies = false;
SET xmloption = content;
SET client_min_messages = warning;
SET row_security = off;

--
-- Data for Name: audit_log_entries; Type: TABLE DATA; Schema: auth; Owner: supabase_auth_admin
--

COPY "auth"."audit_log_entries" ("instance_id", "id", "payload", "created_at", "ip_address") FROM stdin;
00000000-0000-0000-0000-000000000000	87aec2f5-81b4-49a4-a695-1d789d6386a7	{"action":"user_signedup","actor_id":"00000000-0000-0000-0000-000000000000","actor_username":"service_role","actor_via_sso":false,"log_type":"team","traits":{"provider":"email","user_email":"editer@example.com","user_id":"15fb662e-7a5b-4d83-9af5-6201f46ebadf","user_phone":""}}	2025-08-06 16:00:57.226537+00	
00000000-0000-0000-0000-000000000000	45910387-1ad2-4b59-a2f1-0d4af9499651	{"action":"user_signedup","actor_id":"00000000-0000-0000-0000-000000000000","actor_username":"service_role","actor_via_sso":false,"log_type":"team","traits":{"provider":"email","user_email":"annya200279@gmail.com","user_id":"cf4c8052-b87b-41f8-90bd-4ff01118ab18","user_phone":""}}	2025-08-06 16:06:15.200653+00	
00000000-0000-0000-0000-000000000000	409eae23-db71-429f-87fa-a69bf40e26dd	{"action":"login","actor_id":"15fb662e-7a5b-4d83-9af5-6201f46ebadf","actor_username":"editer@example.com","actor_via_sso":false,"log_type":"account","traits":{"provider":"email"}}	2025-08-06 16:26:38.047563+00	
00000000-0000-0000-0000-000000000000	e99fcdbc-3eee-4c27-8f70-81a354ec7d93	{"action":"logout","actor_id":"15fb662e-7a5b-4d83-9af5-6201f46ebadf","actor_username":"editer@example.com","actor_via_sso":false,"log_type":"account"}	2025-08-06 16:26:38.224978+00	
00000000-0000-0000-0000-000000000000	8f53f164-7cfe-42ad-b154-f0d8fa99d673	{"action":"login","actor_id":"15fb662e-7a5b-4d83-9af5-6201f46ebadf","actor_username":"editer@example.com","actor_via_sso":false,"log_type":"account","traits":{"provider":"email"}}	2025-08-06 16:27:30.36021+00	
00000000-0000-0000-0000-000000000000	f07b24f3-585e-42ac-be18-17d3099f227c	{"action":"logout","actor_id":"15fb662e-7a5b-4d83-9af5-6201f46ebadf","actor_username":"editer@example.com","actor_via_sso":false,"log_type":"account"}	2025-08-06 16:27:30.496353+00	
00000000-0000-0000-0000-000000000000	3853a18c-6cf9-4962-b8da-df7b8f0055b0	{"action":"user_deleted","actor_id":"00000000-0000-0000-0000-000000000000","actor_username":"service_role","actor_via_sso":false,"log_type":"team","traits":{"user_email":"editer@example.com","user_id":"15fb662e-7a5b-4d83-9af5-6201f46ebadf","user_phone":""}}	2025-08-06 16:27:52.201289+00	
00000000-0000-0000-0000-000000000000	34878e8f-e636-4e69-a63c-1636ef3e4b4f	{"action":"user_signedup","actor_id":"00000000-0000-0000-0000-000000000000","actor_username":"service_role","actor_via_sso":false,"log_type":"team","traits":{"provider":"email","user_email":"editer@example.com","user_id":"8508449f-fd28-4c23-867a-bf8b5649aea9","user_phone":""}}	2025-08-06 16:28:17.807451+00	
00000000-0000-0000-0000-000000000000	c32470c5-9584-42fc-96a1-ce8bc6ce3135	{"action":"login","actor_id":"8508449f-fd28-4c23-867a-bf8b5649aea9","actor_username":"editer@example.com","actor_via_sso":false,"log_type":"account","traits":{"provider":"email"}}	2025-08-06 16:28:20.792866+00	
00000000-0000-0000-0000-000000000000	e42d0fbd-2286-455c-9512-f2e650c4f47a	{"action":"logout","actor_id":"8508449f-fd28-4c23-867a-bf8b5649aea9","actor_username":"editer@example.com","actor_via_sso":false,"log_type":"account"}	2025-08-06 16:28:20.918698+00	
00000000-0000-0000-0000-000000000000	a9972e47-45a3-46e8-a290-c8b9c1b5a3a7	{"action":"login","actor_id":"8508449f-fd28-4c23-867a-bf8b5649aea9","actor_username":"editer@example.com","actor_via_sso":false,"log_type":"account","traits":{"provider":"email"}}	2025-08-06 16:28:42.576911+00	
00000000-0000-0000-0000-000000000000	b4dca50d-35ca-449f-b2fe-4d7f614e03f7	{"action":"logout","actor_id":"8508449f-fd28-4c23-867a-bf8b5649aea9","actor_username":"editer@example.com","actor_via_sso":false,"log_type":"account"}	2025-08-06 16:28:42.723057+00	
00000000-0000-0000-0000-000000000000	a8c76c05-e240-4252-8dbc-c57d02fd28b3	{"action":"login","actor_id":"8508449f-fd28-4c23-867a-bf8b5649aea9","actor_username":"editer@example.com","actor_via_sso":false,"log_type":"account","traits":{"provider":"email"}}	2025-08-06 16:29:16.52448+00	
00000000-0000-0000-0000-000000000000	6f2d3b22-d3fb-4f72-8496-52ea1dc33ce5	{"action":"logout","actor_id":"8508449f-fd28-4c23-867a-bf8b5649aea9","actor_username":"editer@example.com","actor_via_sso":false,"log_type":"account"}	2025-08-06 16:29:16.635133+00	
00000000-0000-0000-0000-000000000000	2a9593df-1607-4ecd-a31f-90f43bf37586	{"action":"login","actor_id":"8508449f-fd28-4c23-867a-bf8b5649aea9","actor_username":"editer@example.com","actor_via_sso":false,"log_type":"account","traits":{"provider":"email"}}	2025-08-06 16:29:17.327588+00	
00000000-0000-0000-0000-000000000000	bc3aad88-f77b-4fa7-aa78-bbf7ac67fea0	{"action":"logout","actor_id":"8508449f-fd28-4c23-867a-bf8b5649aea9","actor_username":"editer@example.com","actor_via_sso":false,"log_type":"account"}	2025-08-06 16:29:17.459389+00	
00000000-0000-0000-0000-000000000000	b5f5f894-f38f-42f4-8877-9e51b4d0745d	{"action":"login","actor_id":"8508449f-fd28-4c23-867a-bf8b5649aea9","actor_username":"editer@example.com","actor_via_sso":false,"log_type":"account","traits":{"provider":"email"}}	2025-08-06 16:29:18.067697+00	
00000000-0000-0000-0000-000000000000	d25bf3e2-f55b-4e1a-8c36-1a6a84d9e697	{"action":"logout","actor_id":"8508449f-fd28-4c23-867a-bf8b5649aea9","actor_username":"editer@example.com","actor_via_sso":false,"log_type":"account"}	2025-08-06 16:29:18.163134+00	
00000000-0000-0000-0000-000000000000	3062eac7-d13f-4eb8-837f-183d2f96a8e6	{"action":"login","actor_id":"cf4c8052-b87b-41f8-90bd-4ff01118ab18","actor_username":"annya200279@gmail.com","actor_via_sso":false,"log_type":"account","traits":{"provider":"email"}}	2025-08-06 16:29:37.664836+00	
00000000-0000-0000-0000-000000000000	13e0d6b4-63cc-4359-8cb3-b8b6ac626b4c	{"action":"logout","actor_id":"cf4c8052-b87b-41f8-90bd-4ff01118ab18","actor_username":"annya200279@gmail.com","actor_via_sso":false,"log_type":"account"}	2025-08-06 16:29:37.796532+00	
00000000-0000-0000-0000-000000000000	c379377a-7ee3-4007-b2da-c2bc1f738a82	{"action":"login","actor_id":"cf4c8052-b87b-41f8-90bd-4ff01118ab18","actor_username":"annya200279@gmail.com","actor_via_sso":false,"log_type":"account","traits":{"provider":"email"}}	2025-08-06 16:31:14.815979+00	
00000000-0000-0000-0000-000000000000	af00cc64-4e1c-49b1-9eed-7dded4249e93	{"action":"logout","actor_id":"cf4c8052-b87b-41f8-90bd-4ff01118ab18","actor_username":"annya200279@gmail.com","actor_via_sso":false,"log_type":"account"}	2025-08-06 16:31:14.974611+00	
00000000-0000-0000-0000-000000000000	6fda60ea-abf2-4d90-b412-753e05ca8c5b	{"action":"login","actor_id":"cf4c8052-b87b-41f8-90bd-4ff01118ab18","actor_username":"annya200279@gmail.com","actor_via_sso":false,"log_type":"account","traits":{"provider":"email"}}	2025-08-06 16:31:15.770914+00	
00000000-0000-0000-0000-000000000000	abc39958-a98e-445e-a67d-cef6690738fc	{"action":"logout","actor_id":"cf4c8052-b87b-41f8-90bd-4ff01118ab18","actor_username":"annya200279@gmail.com","actor_via_sso":false,"log_type":"account"}	2025-08-06 16:31:15.897763+00	
00000000-0000-0000-0000-000000000000	3b132511-39c1-4343-9569-53ed47c20adc	{"action":"login","actor_id":"8508449f-fd28-4c23-867a-bf8b5649aea9","actor_username":"editer@example.com","actor_via_sso":false,"log_type":"account","traits":{"provider":"email"}}	2025-08-06 16:31:25.957859+00	
00000000-0000-0000-0000-000000000000	76917145-d06c-4ad6-b30e-d82c88a35c1c	{"action":"logout","actor_id":"8508449f-fd28-4c23-867a-bf8b5649aea9","actor_username":"editer@example.com","actor_via_sso":false,"log_type":"account"}	2025-08-06 16:31:26.086608+00	
00000000-0000-0000-0000-000000000000	2a259cbb-56f2-43f0-b899-67ddf4bbcf6a	{"action":"login","actor_id":"8508449f-fd28-4c23-867a-bf8b5649aea9","actor_username":"editer@example.com","actor_via_sso":false,"log_type":"account","traits":{"provider":"email"}}	2025-08-06 16:38:29.440865+00	
00000000-0000-0000-0000-000000000000	22cab36d-d614-49e3-a440-d7419e627990	{"action":"login","actor_id":"8508449f-fd28-4c23-867a-bf8b5649aea9","actor_username":"editer@example.com","actor_via_sso":false,"log_type":"account","traits":{"provider":"email"}}	2025-08-06 16:44:28.911405+00	
00000000-0000-0000-0000-000000000000	0f7ea3d2-ef66-402b-86db-cefb954555ae	{"action":"logout","actor_id":"8508449f-fd28-4c23-867a-bf8b5649aea9","actor_username":"editer@example.com","actor_via_sso":false,"log_type":"account"}	2025-08-06 16:44:29.016515+00	
00000000-0000-0000-0000-000000000000	b67b494d-c802-4def-a324-f1f3c6406147	{"action":"login","actor_id":"8508449f-fd28-4c23-867a-bf8b5649aea9","actor_username":"editer@example.com","actor_via_sso":false,"log_type":"account","traits":{"provider":"email"}}	2025-08-06 16:45:18.401315+00	
00000000-0000-0000-0000-000000000000	654810d5-70cf-4305-8c95-294ca2cc5e29	{"action":"logout","actor_id":"8508449f-fd28-4c23-867a-bf8b5649aea9","actor_username":"editer@example.com","actor_via_sso":false,"log_type":"account"}	2025-08-06 16:45:18.514908+00	
00000000-0000-0000-0000-000000000000	5df6c1dd-4d07-438b-986d-586a00f0ede6	{"action":"login","actor_id":"8508449f-fd28-4c23-867a-bf8b5649aea9","actor_username":"editer@example.com","actor_via_sso":false,"log_type":"account","traits":{"provider":"email"}}	2025-08-06 16:51:15.841799+00	
00000000-0000-0000-0000-000000000000	e487f51d-53d6-45ab-85ad-4600d6781c99	{"action":"logout","actor_id":"8508449f-fd28-4c23-867a-bf8b5649aea9","actor_username":"editer@example.com","actor_via_sso":false,"log_type":"account"}	2025-08-06 16:51:15.964502+00	
00000000-0000-0000-0000-000000000000	62f647ed-dedf-46a7-b3d5-ead9ebba4882	{"action":"login","actor_id":"8508449f-fd28-4c23-867a-bf8b5649aea9","actor_username":"editer@example.com","actor_via_sso":false,"log_type":"account","traits":{"provider":"email"}}	2025-08-06 16:51:45.905378+00	
00000000-0000-0000-0000-000000000000	acb304d2-0314-4863-9694-0a9e0042b692	{"action":"logout","actor_id":"8508449f-fd28-4c23-867a-bf8b5649aea9","actor_username":"editer@example.com","actor_via_sso":false,"log_type":"account"}	2025-08-06 16:51:46.022278+00	
00000000-0000-0000-0000-000000000000	c53d65a4-5334-4807-ac02-232ef3d4183a	{"action":"login","actor_id":"8508449f-fd28-4c23-867a-bf8b5649aea9","actor_username":"editer@example.com","actor_via_sso":false,"log_type":"account","traits":{"provider":"email"}}	2025-08-06 16:51:57.967504+00	
00000000-0000-0000-0000-000000000000	52d38dbf-a1f9-4a1d-8e16-7ec704a81f9f	{"action":"logout","actor_id":"8508449f-fd28-4c23-867a-bf8b5649aea9","actor_username":"editer@example.com","actor_via_sso":false,"log_type":"account"}	2025-08-06 16:51:58.075966+00	
00000000-0000-0000-0000-000000000000	33243804-88bd-4543-8360-f36aca49cfd8	{"action":"login","actor_id":"8508449f-fd28-4c23-867a-bf8b5649aea9","actor_username":"editer@example.com","actor_via_sso":false,"log_type":"account","traits":{"provider":"email"}}	2025-08-06 16:53:06.034889+00	
00000000-0000-0000-0000-000000000000	afed3183-8471-4e96-834d-62077f09d10e	{"action":"logout","actor_id":"8508449f-fd28-4c23-867a-bf8b5649aea9","actor_username":"editer@example.com","actor_via_sso":false,"log_type":"account"}	2025-08-06 16:53:06.253244+00	
00000000-0000-0000-0000-000000000000	6e53e19c-d807-45e0-b8b8-a14b81d75412	{"action":"login","actor_id":"8508449f-fd28-4c23-867a-bf8b5649aea9","actor_username":"editer@example.com","actor_via_sso":false,"log_type":"account","traits":{"provider":"email"}}	2025-08-06 16:54:12.484198+00	
00000000-0000-0000-0000-000000000000	847c4973-a4dc-4002-a759-984f5c1c580b	{"action":"logout","actor_id":"8508449f-fd28-4c23-867a-bf8b5649aea9","actor_username":"editer@example.com","actor_via_sso":false,"log_type":"account"}	2025-08-06 16:54:12.630377+00	
00000000-0000-0000-0000-000000000000	b2ebca5e-294e-44ac-8734-858647b5b4e1	{"action":"login","actor_id":"8508449f-fd28-4c23-867a-bf8b5649aea9","actor_username":"editer@example.com","actor_via_sso":false,"log_type":"account","traits":{"provider":"email"}}	2025-08-06 16:55:01.971662+00	
00000000-0000-0000-0000-000000000000	a680dcb3-89a7-43ec-8fb5-cf312868a3ef	{"action":"logout","actor_id":"8508449f-fd28-4c23-867a-bf8b5649aea9","actor_username":"editer@example.com","actor_via_sso":false,"log_type":"account"}	2025-08-06 16:55:02.095346+00	
00000000-0000-0000-0000-000000000000	b7628d84-62a7-48b6-9795-08a78b46e7af	{"action":"login","actor_id":"8508449f-fd28-4c23-867a-bf8b5649aea9","actor_username":"editer@example.com","actor_via_sso":false,"log_type":"account","traits":{"provider":"email"}}	2025-08-06 16:58:44.503616+00	
00000000-0000-0000-0000-000000000000	b69ac922-01f4-4613-abd4-8852868a4e52	{"action":"login","actor_id":"8508449f-fd28-4c23-867a-bf8b5649aea9","actor_username":"editer@example.com","actor_via_sso":false,"log_type":"account","traits":{"provider":"email"}}	2025-08-06 17:08:06.316728+00	
00000000-0000-0000-0000-000000000000	62faff3b-a9d5-41d9-9127-5139c870d60f	{"action":"login","actor_id":"8508449f-fd28-4c23-867a-bf8b5649aea9","actor_username":"editer@example.com","actor_via_sso":false,"log_type":"account","traits":{"provider":"email"}}	2025-08-06 17:19:01.088857+00	
00000000-0000-0000-0000-000000000000	17702677-20c5-489c-bc37-5551d6ac21d0	{"action":"token_refreshed","actor_id":"8508449f-fd28-4c23-867a-bf8b5649aea9","actor_username":"editer@example.com","actor_via_sso":false,"log_type":"token"}	2025-08-08 10:30:28.920932+00	
00000000-0000-0000-0000-000000000000	4aff35f4-35d2-457e-9f65-9ef4c5924df1	{"action":"token_revoked","actor_id":"8508449f-fd28-4c23-867a-bf8b5649aea9","actor_username":"editer@example.com","actor_via_sso":false,"log_type":"token"}	2025-08-08 10:30:28.938199+00	
00000000-0000-0000-0000-000000000000	2d17de08-dba4-4dcd-96f5-e42d1310c5d5	{"action":"login","actor_id":"8508449f-fd28-4c23-867a-bf8b5649aea9","actor_username":"editer@example.com","actor_via_sso":false,"log_type":"account","traits":{"provider":"email"}}	2025-08-08 11:32:47.679335+00	
00000000-0000-0000-0000-000000000000	1afef186-6ff3-497e-bbb7-4b53ca361c49	{"action":"token_refreshed","actor_id":"8508449f-fd28-4c23-867a-bf8b5649aea9","actor_username":"editer@example.com","actor_via_sso":false,"log_type":"token"}	2025-08-08 11:40:35.731975+00	
00000000-0000-0000-0000-000000000000	a83e87a6-53db-430e-8279-1d848b444611	{"action":"token_revoked","actor_id":"8508449f-fd28-4c23-867a-bf8b5649aea9","actor_username":"editer@example.com","actor_via_sso":false,"log_type":"token"}	2025-08-08 11:40:35.733971+00	
00000000-0000-0000-0000-000000000000	2456a456-578c-434a-ba92-51a87e20020e	{"action":"token_refreshed","actor_id":"8508449f-fd28-4c23-867a-bf8b5649aea9","actor_username":"editer@example.com","actor_via_sso":false,"log_type":"token"}	2025-08-08 12:52:44.257444+00	
00000000-0000-0000-0000-000000000000	77280d7b-43ea-4e9b-aa51-e9da1a2539a1	{"action":"token_revoked","actor_id":"8508449f-fd28-4c23-867a-bf8b5649aea9","actor_username":"editer@example.com","actor_via_sso":false,"log_type":"token"}	2025-08-08 12:52:44.259358+00	
00000000-0000-0000-0000-000000000000	49c48aa7-51d0-40c0-bc8d-8d7c9d0a6950	{"action":"token_refreshed","actor_id":"8508449f-fd28-4c23-867a-bf8b5649aea9","actor_username":"editer@example.com","actor_via_sso":false,"log_type":"token"}	2025-08-09 08:48:55.327627+00	
00000000-0000-0000-0000-000000000000	3f4d59e3-c49a-4103-84ab-d64def159a0a	{"action":"token_revoked","actor_id":"8508449f-fd28-4c23-867a-bf8b5649aea9","actor_username":"editer@example.com","actor_via_sso":false,"log_type":"token"}	2025-08-09 08:48:55.345453+00	
00000000-0000-0000-0000-000000000000	b291df1b-6951-48b1-a77a-1096eab187d2	{"action":"login","actor_id":"8508449f-fd28-4c23-867a-bf8b5649aea9","actor_username":"editer@example.com","actor_via_sso":false,"log_type":"account","traits":{"provider":"email"}}	2025-08-09 09:19:31.896352+00	
00000000-0000-0000-0000-000000000000	0a68f1f6-90f6-4fa6-95d2-68b9693d2664	{"action":"logout","actor_id":"8508449f-fd28-4c23-867a-bf8b5649aea9","actor_username":"editer@example.com","actor_via_sso":false,"log_type":"account"}	2025-08-09 10:16:53.836314+00	
00000000-0000-0000-0000-000000000000	192b1129-711a-4119-9ea7-a2a4b810ffb0	{"action":"login","actor_id":"8508449f-fd28-4c23-867a-bf8b5649aea9","actor_username":"editer@example.com","actor_via_sso":false,"log_type":"account","traits":{"provider":"email"}}	2025-08-09 10:17:05.368614+00	
00000000-0000-0000-0000-000000000000	d18e45b6-5beb-4582-867a-6a20c51341a0	{"action":"logout","actor_id":"8508449f-fd28-4c23-867a-bf8b5649aea9","actor_username":"editer@example.com","actor_via_sso":false,"log_type":"account"}	2025-08-09 10:29:20.671973+00	
00000000-0000-0000-0000-000000000000	30877396-f8bd-452f-a25c-5a4b0a71d619	{"action":"user_repeated_signup","actor_id":"8508449f-fd28-4c23-867a-bf8b5649aea9","actor_username":"editer@example.com","actor_via_sso":false,"log_type":"user","traits":{"provider":"email"}}	2025-08-09 10:37:57.723834+00	
00000000-0000-0000-0000-000000000000	558ee994-77b6-43c9-9ae3-f8af57488486	{"action":"login","actor_id":"8508449f-fd28-4c23-867a-bf8b5649aea9","actor_username":"editer@example.com","actor_via_sso":false,"log_type":"account","traits":{"provider":"email"}}	2025-08-09 11:23:57.300971+00	
00000000-0000-0000-0000-000000000000	8b3c29c1-89f4-4eb2-82e2-16cc2154290e	{"action":"login","actor_id":"8508449f-fd28-4c23-867a-bf8b5649aea9","actor_username":"editer@example.com","actor_via_sso":false,"log_type":"account","traits":{"provider":"email"}}	2025-08-09 11:32:57.122174+00	
00000000-0000-0000-0000-000000000000	112a7a46-8481-4f1c-b872-631c1f29495d	{"action":"logout","actor_id":"8508449f-fd28-4c23-867a-bf8b5649aea9","actor_username":"editer@example.com","actor_via_sso":false,"log_type":"account"}	2025-08-09 11:49:14.256805+00	
00000000-0000-0000-0000-000000000000	96de3ffb-941c-4643-8fcc-372200092ce1	{"action":"login","actor_id":"8508449f-fd28-4c23-867a-bf8b5649aea9","actor_username":"editer@example.com","actor_via_sso":false,"log_type":"account","traits":{"provider":"email"}}	2025-08-09 11:49:31.172993+00	
00000000-0000-0000-0000-000000000000	36227a03-2fb4-4f50-be7b-b7dd55d81e68	{"action":"login","actor_id":"cf4c8052-b87b-41f8-90bd-4ff01118ab18","actor_username":"annya200279@gmail.com","actor_via_sso":false,"log_type":"account","traits":{"provider":"email"}}	2025-08-10 05:49:40.459345+00	
00000000-0000-0000-0000-000000000000	0e97b12b-c737-4379-8799-cdadeb65ff1c	{"action":"login","actor_id":"cf4c8052-b87b-41f8-90bd-4ff01118ab18","actor_username":"annya200279@gmail.com","actor_via_sso":false,"log_type":"account","traits":{"provider":"email"}}	2025-08-10 05:51:02.097659+00	
00000000-0000-0000-0000-000000000000	a027f45f-0b2b-49e4-b89b-5aaab1552775	{"action":"login","actor_id":"cf4c8052-b87b-41f8-90bd-4ff01118ab18","actor_username":"annya200279@gmail.com","actor_via_sso":false,"log_type":"account","traits":{"provider":"email"}}	2025-08-10 05:51:04.051554+00	
00000000-0000-0000-0000-000000000000	f0906718-dbe4-43b9-9e9e-c7e5931abf92	{"action":"token_refreshed","actor_id":"cf4c8052-b87b-41f8-90bd-4ff01118ab18","actor_username":"annya200279@gmail.com","actor_via_sso":false,"log_type":"token"}	2025-08-10 07:28:48.544969+00	
00000000-0000-0000-0000-000000000000	16d444d1-ed42-445c-9a4c-453623754674	{"action":"token_revoked","actor_id":"cf4c8052-b87b-41f8-90bd-4ff01118ab18","actor_username":"annya200279@gmail.com","actor_via_sso":false,"log_type":"token"}	2025-08-10 07:28:48.556491+00	
00000000-0000-0000-0000-000000000000	6dc95219-5ff3-40f2-9f31-e4aec2c6003d	{"action":"login","actor_id":"8508449f-fd28-4c23-867a-bf8b5649aea9","actor_username":"editer@example.com","actor_via_sso":false,"log_type":"account","traits":{"provider":"email"}}	2025-08-11 09:29:54.613926+00	
00000000-0000-0000-0000-000000000000	517a39c9-db08-40e3-90f6-5661a15ddaeb	{"action":"token_refreshed","actor_id":"8508449f-fd28-4c23-867a-bf8b5649aea9","actor_username":"editer@example.com","actor_via_sso":false,"log_type":"token"}	2025-08-11 09:32:33.983158+00	
00000000-0000-0000-0000-000000000000	e8717758-944e-46ab-aa43-77a8ae9d5074	{"action":"token_revoked","actor_id":"8508449f-fd28-4c23-867a-bf8b5649aea9","actor_username":"editer@example.com","actor_via_sso":false,"log_type":"token"}	2025-08-11 09:32:33.985803+00	
00000000-0000-0000-0000-000000000000	d129c527-d592-4ac3-a19b-e693e221b821	{"action":"token_refreshed","actor_id":"8508449f-fd28-4c23-867a-bf8b5649aea9","actor_username":"editer@example.com","actor_via_sso":false,"log_type":"token"}	2025-08-11 10:30:41.344546+00	
00000000-0000-0000-0000-000000000000	b935299c-b8cc-4ed6-8c96-037b4edd0a9a	{"action":"token_revoked","actor_id":"8508449f-fd28-4c23-867a-bf8b5649aea9","actor_username":"editer@example.com","actor_via_sso":false,"log_type":"token"}	2025-08-11 10:30:41.346417+00	
00000000-0000-0000-0000-000000000000	2289a8b0-b8be-4c4b-bb4a-8ecb1bbba590	{"action":"token_refreshed","actor_id":"8508449f-fd28-4c23-867a-bf8b5649aea9","actor_username":"editer@example.com","actor_via_sso":false,"log_type":"token"}	2025-08-11 10:34:11.658984+00	
00000000-0000-0000-0000-000000000000	dce018e3-3a7f-4d24-b9e9-ca999eb3a4e3	{"action":"token_revoked","actor_id":"8508449f-fd28-4c23-867a-bf8b5649aea9","actor_username":"editer@example.com","actor_via_sso":false,"log_type":"token"}	2025-08-11 10:34:11.660499+00	
00000000-0000-0000-0000-000000000000	12cb003c-971b-482d-b10a-fbfc0820a092	{"action":"token_refreshed","actor_id":"8508449f-fd28-4c23-867a-bf8b5649aea9","actor_username":"editer@example.com","actor_via_sso":false,"log_type":"token"}	2025-08-11 11:37:49.139504+00	
00000000-0000-0000-0000-000000000000	92a63185-06e5-4ba6-bb7b-f5b1afa214b8	{"action":"token_revoked","actor_id":"8508449f-fd28-4c23-867a-bf8b5649aea9","actor_username":"editer@example.com","actor_via_sso":false,"log_type":"token"}	2025-08-11 11:37:49.144066+00	
00000000-0000-0000-0000-000000000000	7219c6e8-62f2-464e-8a47-cb7ccc3fa91f	{"action":"token_refreshed","actor_id":"8508449f-fd28-4c23-867a-bf8b5649aea9","actor_username":"editer@example.com","actor_via_sso":false,"log_type":"token"}	2025-08-11 11:53:48.935619+00	
00000000-0000-0000-0000-000000000000	67838df9-91d5-4f9b-8a95-df47e87e4ca2	{"action":"token_revoked","actor_id":"8508449f-fd28-4c23-867a-bf8b5649aea9","actor_username":"editer@example.com","actor_via_sso":false,"log_type":"token"}	2025-08-11 11:53:48.937149+00	
00000000-0000-0000-0000-000000000000	979a9c2b-c97d-49ab-945e-2b4495baef2e	{"action":"token_refreshed","actor_id":"8508449f-fd28-4c23-867a-bf8b5649aea9","actor_username":"editer@example.com","actor_via_sso":false,"log_type":"token"}	2025-08-11 11:53:48.996202+00	
00000000-0000-0000-0000-000000000000	0318ded6-2d0e-4c7b-92f7-6394de083fa8	{"action":"token_refreshed","actor_id":"8508449f-fd28-4c23-867a-bf8b5649aea9","actor_username":"editer@example.com","actor_via_sso":false,"log_type":"token"}	2025-08-11 11:53:49.412358+00	
00000000-0000-0000-0000-000000000000	c417e16e-de24-461e-8087-16c97b963733	{"action":"token_refreshed","actor_id":"8508449f-fd28-4c23-867a-bf8b5649aea9","actor_username":"editer@example.com","actor_via_sso":false,"log_type":"token"}	2025-08-11 11:53:49.42526+00	
00000000-0000-0000-0000-000000000000	17fae5e8-fdb7-4b48-9738-c966d3b4d9c9	{"action":"token_refreshed","actor_id":"cf4c8052-b87b-41f8-90bd-4ff01118ab18","actor_username":"annya200279@gmail.com","actor_via_sso":false,"log_type":"token"}	2025-08-11 13:37:43.768968+00	
00000000-0000-0000-0000-000000000000	86b8311f-340f-4f31-82d2-5959aee53090	{"action":"token_revoked","actor_id":"cf4c8052-b87b-41f8-90bd-4ff01118ab18","actor_username":"annya200279@gmail.com","actor_via_sso":false,"log_type":"token"}	2025-08-11 13:37:43.769829+00	
00000000-0000-0000-0000-000000000000	c063d118-d1c9-4a5e-b662-963a9fd5d55e	{"action":"token_refreshed","actor_id":"cf4c8052-b87b-41f8-90bd-4ff01118ab18","actor_username":"annya200279@gmail.com","actor_via_sso":false,"log_type":"token"}	2025-08-11 13:40:53.314324+00	
00000000-0000-0000-0000-000000000000	409d4122-d837-40e7-a59d-48e97a75feae	{"action":"token_revoked","actor_id":"cf4c8052-b87b-41f8-90bd-4ff01118ab18","actor_username":"annya200279@gmail.com","actor_via_sso":false,"log_type":"token"}	2025-08-11 13:40:53.316355+00	
00000000-0000-0000-0000-000000000000	404c67c9-08f5-40b0-9513-ae93b42f85af	{"action":"token_refreshed","actor_id":"8508449f-fd28-4c23-867a-bf8b5649aea9","actor_username":"editer@example.com","actor_via_sso":false,"log_type":"token"}	2025-08-11 13:46:30.865085+00	
00000000-0000-0000-0000-000000000000	c7a1f6d9-1d11-44b9-9713-e8530804ba75	{"action":"token_revoked","actor_id":"8508449f-fd28-4c23-867a-bf8b5649aea9","actor_username":"editer@example.com","actor_via_sso":false,"log_type":"token"}	2025-08-11 13:46:30.867802+00	
00000000-0000-0000-0000-000000000000	7096a04e-9b93-4dfb-9275-630858bddebb	{"action":"token_refreshed","actor_id":"8508449f-fd28-4c23-867a-bf8b5649aea9","actor_username":"editer@example.com","actor_via_sso":false,"log_type":"token"}	2025-08-11 14:08:43.895648+00	
00000000-0000-0000-0000-000000000000	532e0cfc-9124-4284-b0bd-69c77c602607	{"action":"token_revoked","actor_id":"8508449f-fd28-4c23-867a-bf8b5649aea9","actor_username":"editer@example.com","actor_via_sso":false,"log_type":"token"}	2025-08-11 14:08:43.898204+00	
00000000-0000-0000-0000-000000000000	ad39eee9-28ad-4d82-8600-0dda737b0084	{"action":"token_refreshed","actor_id":"cf4c8052-b87b-41f8-90bd-4ff01118ab18","actor_username":"annya200279@gmail.com","actor_via_sso":false,"log_type":"token"}	2025-08-11 14:42:27.101767+00	
00000000-0000-0000-0000-000000000000	7dfa3fe8-8238-4ca6-be04-3d78f1dd35bb	{"action":"token_revoked","actor_id":"cf4c8052-b87b-41f8-90bd-4ff01118ab18","actor_username":"annya200279@gmail.com","actor_via_sso":false,"log_type":"token"}	2025-08-11 14:42:27.104445+00	
00000000-0000-0000-0000-000000000000	fec06304-282a-4a2c-b25d-a6f689463947	{"action":"login","actor_id":"8508449f-fd28-4c23-867a-bf8b5649aea9","actor_username":"editer@example.com","actor_via_sso":false,"log_type":"account","traits":{"provider":"email"}}	2025-08-11 14:44:13.935713+00	
00000000-0000-0000-0000-000000000000	03ef4eaf-a1bb-415d-958e-22d74096f726	{"action":"token_refreshed","actor_id":"8508449f-fd28-4c23-867a-bf8b5649aea9","actor_username":"editer@example.com","actor_via_sso":false,"log_type":"token"}	2025-08-11 14:50:41.692895+00	
00000000-0000-0000-0000-000000000000	20492421-bb4f-4a2a-baa1-0fb5a7184c8f	{"action":"token_revoked","actor_id":"8508449f-fd28-4c23-867a-bf8b5649aea9","actor_username":"editer@example.com","actor_via_sso":false,"log_type":"token"}	2025-08-11 14:50:41.696012+00	
00000000-0000-0000-0000-000000000000	e8ba5b8b-6cba-4a97-8d81-dc39fa57d41d	{"action":"token_refreshed","actor_id":"8508449f-fd28-4c23-867a-bf8b5649aea9","actor_username":"editer@example.com","actor_via_sso":false,"log_type":"token"}	2025-08-11 14:50:52.689625+00	
00000000-0000-0000-0000-000000000000	fcb35aa6-cbff-4272-8a52-1362287cd8bd	{"action":"logout","actor_id":"8508449f-fd28-4c23-867a-bf8b5649aea9","actor_username":"editer@example.com","actor_via_sso":false,"log_type":"account"}	2025-08-11 14:53:28.877992+00	
00000000-0000-0000-0000-000000000000	87e10078-20cf-4e68-bdaf-6b4763d327fe	{"action":"login","actor_id":"8508449f-fd28-4c23-867a-bf8b5649aea9","actor_username":"editer@example.com","actor_via_sso":false,"log_type":"account","traits":{"provider":"email"}}	2025-08-11 14:53:42.888586+00	
00000000-0000-0000-0000-000000000000	ec376ae7-2321-4ad9-b370-4cb33ae93096	{"action":"token_refreshed","actor_id":"cf4c8052-b87b-41f8-90bd-4ff01118ab18","actor_username":"annya200279@gmail.com","actor_via_sso":false,"log_type":"token"}	2025-08-11 14:56:06.632812+00	
00000000-0000-0000-0000-000000000000	e5457ee4-d6dd-462b-b5e0-fbf9e87abf54	{"action":"token_revoked","actor_id":"cf4c8052-b87b-41f8-90bd-4ff01118ab18","actor_username":"annya200279@gmail.com","actor_via_sso":false,"log_type":"token"}	2025-08-11 14:56:06.633648+00	
00000000-0000-0000-0000-000000000000	d34a5c4b-694e-4a52-a0d1-34ec26dab1ba	{"action":"login","actor_id":"8508449f-fd28-4c23-867a-bf8b5649aea9","actor_username":"editer@example.com","actor_via_sso":false,"log_type":"account","traits":{"provider":"email"}}	2025-08-12 11:32:32.71383+00	
00000000-0000-0000-0000-000000000000	be26dc9e-ba64-4338-89ac-fede803be184	{"action":"login","actor_id":"8508449f-fd28-4c23-867a-bf8b5649aea9","actor_username":"editer@example.com","actor_via_sso":false,"log_type":"account","traits":{"provider":"email"}}	2025-08-12 11:32:33.142539+00	
00000000-0000-0000-0000-000000000000	dcf60112-e28e-4fed-8263-7cd631b744da	{"action":"token_refreshed","actor_id":"8508449f-fd28-4c23-867a-bf8b5649aea9","actor_username":"editer@example.com","actor_via_sso":false,"log_type":"token"}	2025-08-12 12:13:37.579869+00	
00000000-0000-0000-0000-000000000000	d7f24cc2-d184-4f95-88b3-11145b977e36	{"action":"token_revoked","actor_id":"8508449f-fd28-4c23-867a-bf8b5649aea9","actor_username":"editer@example.com","actor_via_sso":false,"log_type":"token"}	2025-08-12 12:13:37.583848+00	
00000000-0000-0000-0000-000000000000	a9ea06df-de48-4731-b5c7-42551b8a32e8	{"action":"logout","actor_id":"8508449f-fd28-4c23-867a-bf8b5649aea9","actor_username":"editer@example.com","actor_via_sso":false,"log_type":"account"}	2025-08-12 12:14:00.795045+00	
00000000-0000-0000-0000-000000000000	16e60c10-e09f-4a8e-9780-a44d3a3f7468	{"action":"login","actor_id":"8508449f-fd28-4c23-867a-bf8b5649aea9","actor_username":"editer@example.com","actor_via_sso":false,"log_type":"account","traits":{"provider":"email"}}	2025-08-12 12:14:09.034374+00	
00000000-0000-0000-0000-000000000000	438768d0-cd6f-4664-8902-1ee9ba7fc6cb	{"action":"logout","actor_id":"8508449f-fd28-4c23-867a-bf8b5649aea9","actor_username":"editer@example.com","actor_via_sso":false,"log_type":"account"}	2025-08-12 12:16:21.05951+00	
00000000-0000-0000-0000-000000000000	43e11a5e-6704-44be-a673-8e0cb2f21a4d	{"action":"login","actor_id":"8508449f-fd28-4c23-867a-bf8b5649aea9","actor_username":"editer@example.com","actor_via_sso":false,"log_type":"account","traits":{"provider":"email"}}	2025-08-12 12:25:24.570879+00	
00000000-0000-0000-0000-000000000000	f15e1197-1cf4-458b-ace3-c12279cc5ac7	{"action":"login","actor_id":"8508449f-fd28-4c23-867a-bf8b5649aea9","actor_username":"editer@example.com","actor_via_sso":false,"log_type":"account","traits":{"provider":"email"}}	2025-08-12 12:25:26.986253+00	
00000000-0000-0000-0000-000000000000	8417b1bb-a281-463a-a270-15f6a3b1a740	{"action":"token_refreshed","actor_id":"8508449f-fd28-4c23-867a-bf8b5649aea9","actor_username":"editer@example.com","actor_via_sso":false,"log_type":"token"}	2025-08-12 13:30:08.861342+00	
00000000-0000-0000-0000-000000000000	8e7a53cc-8168-4390-872f-e3a489bed43d	{"action":"token_revoked","actor_id":"8508449f-fd28-4c23-867a-bf8b5649aea9","actor_username":"editer@example.com","actor_via_sso":false,"log_type":"token"}	2025-08-12 13:30:08.865052+00	
00000000-0000-0000-0000-000000000000	3c6b610e-5071-4981-aceb-77a5681cce70	{"action":"login","actor_id":"8508449f-fd28-4c23-867a-bf8b5649aea9","actor_username":"editer@example.com","actor_via_sso":false,"log_type":"account","traits":{"provider":"email"}}	2025-08-12 13:36:36.987633+00	
00000000-0000-0000-0000-000000000000	ff080e9a-61fd-46fd-b4c8-079b12c80fb6	{"action":"login","actor_id":"8508449f-fd28-4c23-867a-bf8b5649aea9","actor_username":"editer@example.com","actor_via_sso":false,"log_type":"account","traits":{"provider":"email"}}	2025-08-12 13:36:37.326644+00	
00000000-0000-0000-0000-000000000000	8a0604ac-0a37-42d9-9a05-d2bbe97d2719	{"action":"login","actor_id":"8508449f-fd28-4c23-867a-bf8b5649aea9","actor_username":"editer@example.com","actor_via_sso":false,"log_type":"account","traits":{"provider":"email"}}	2025-08-12 14:01:25.653687+00	
00000000-0000-0000-0000-000000000000	e3f312d4-b7ac-42e0-a8be-cdfb5b067a86	{"action":"login","actor_id":"8508449f-fd28-4c23-867a-bf8b5649aea9","actor_username":"editer@example.com","actor_via_sso":false,"log_type":"account","traits":{"provider":"email"}}	2025-08-12 14:05:24.294186+00	
00000000-0000-0000-0000-000000000000	ffeed1d1-348c-4478-9fdc-96ab7ee963fc	{"action":"login","actor_id":"8508449f-fd28-4c23-867a-bf8b5649aea9","actor_username":"editer@example.com","actor_via_sso":false,"log_type":"account","traits":{"provider":"email"}}	2025-08-12 14:05:27.154244+00	
00000000-0000-0000-0000-000000000000	1afb8990-a625-494c-b4e2-645e3368fa88	{"action":"token_refreshed","actor_id":"8508449f-fd28-4c23-867a-bf8b5649aea9","actor_username":"editer@example.com","actor_via_sso":false,"log_type":"token"}	2025-08-12 14:37:14.513802+00	
00000000-0000-0000-0000-000000000000	afd0789d-f444-4977-84e8-944ee92e1856	{"action":"token_revoked","actor_id":"8508449f-fd28-4c23-867a-bf8b5649aea9","actor_username":"editer@example.com","actor_via_sso":false,"log_type":"token"}	2025-08-12 14:37:14.523136+00	
00000000-0000-0000-0000-000000000000	6f2d447f-7c71-44f8-876a-6a32c1fa7169	{"action":"logout","actor_id":"8508449f-fd28-4c23-867a-bf8b5649aea9","actor_username":"editer@example.com","actor_via_sso":false,"log_type":"account"}	2025-08-12 14:37:21.844522+00	
00000000-0000-0000-0000-000000000000	d4517a69-a68f-44fa-8282-dd9da4692796	{"action":"login","actor_id":"8508449f-fd28-4c23-867a-bf8b5649aea9","actor_username":"editer@example.com","actor_via_sso":false,"log_type":"account","traits":{"provider":"email"}}	2025-08-12 14:37:27.546445+00	
00000000-0000-0000-0000-000000000000	89b3b807-0e25-4070-b8d7-10148dfb4e41	{"action":"login","actor_id":"8508449f-fd28-4c23-867a-bf8b5649aea9","actor_username":"editer@example.com","actor_via_sso":false,"log_type":"account","traits":{"provider":"email"}}	2025-08-12 14:37:29.718166+00	
00000000-0000-0000-0000-000000000000	81054e55-7612-4ef1-98cc-1b7e3ff3e17a	{"action":"token_refreshed","actor_id":"cf4c8052-b87b-41f8-90bd-4ff01118ab18","actor_username":"annya200279@gmail.com","actor_via_sso":false,"log_type":"token"}	2025-08-12 17:22:23.622926+00	
00000000-0000-0000-0000-000000000000	01aa6d0d-080f-4e53-8d56-d61a9086341c	{"action":"token_revoked","actor_id":"cf4c8052-b87b-41f8-90bd-4ff01118ab18","actor_username":"annya200279@gmail.com","actor_via_sso":false,"log_type":"token"}	2025-08-12 17:22:23.629903+00	
00000000-0000-0000-0000-000000000000	afc83be5-3d94-4a32-b327-064a1695ac68	{"action":"login","actor_id":"8508449f-fd28-4c23-867a-bf8b5649aea9","actor_username":"editer@example.com","actor_via_sso":false,"log_type":"account","traits":{"provider":"email"}}	2025-08-13 10:19:32.170709+00	
00000000-0000-0000-0000-000000000000	b6fa39f9-81b0-45bf-a063-cb8bfea4e799	{"action":"token_refreshed","actor_id":"cf4c8052-b87b-41f8-90bd-4ff01118ab18","actor_username":"annya200279@gmail.com","actor_via_sso":false,"log_type":"token"}	2025-08-13 12:56:47.503823+00	
00000000-0000-0000-0000-000000000000	0efe713f-c700-4fb6-88bd-ea86cc6232f7	{"action":"token_revoked","actor_id":"cf4c8052-b87b-41f8-90bd-4ff01118ab18","actor_username":"annya200279@gmail.com","actor_via_sso":false,"log_type":"token"}	2025-08-13 12:56:47.513042+00	
00000000-0000-0000-0000-000000000000	5f080cac-b805-4ec9-89d8-2d5983e07bdd	{"action":"token_refreshed","actor_id":"8508449f-fd28-4c23-867a-bf8b5649aea9","actor_username":"editer@example.com","actor_via_sso":false,"log_type":"token"}	2025-08-13 13:20:45.508148+00	
00000000-0000-0000-0000-000000000000	9219f9ff-86f4-4d51-9cea-e82fcec660b2	{"action":"token_revoked","actor_id":"8508449f-fd28-4c23-867a-bf8b5649aea9","actor_username":"editer@example.com","actor_via_sso":false,"log_type":"token"}	2025-08-13 13:20:45.512507+00	
00000000-0000-0000-0000-000000000000	189d8387-aefc-451e-bbbe-7c097a4ac98f	{"action":"login","actor_id":"cf4c8052-b87b-41f8-90bd-4ff01118ab18","actor_username":"annya200279@gmail.com","actor_via_sso":false,"log_type":"account","traits":{"provider":"email"}}	2025-08-13 13:54:20.321153+00	
00000000-0000-0000-0000-000000000000	51afc9ef-d2cf-4720-92d5-60377ef83f9c	{"action":"login","actor_id":"cf4c8052-b87b-41f8-90bd-4ff01118ab18","actor_username":"annya200279@gmail.com","actor_via_sso":false,"log_type":"account","traits":{"provider":"email"}}	2025-08-13 13:54:22.197816+00	
00000000-0000-0000-0000-000000000000	afae41f7-ab24-4c55-ac34-48c422fe1f2b	{"action":"login","actor_id":"cf4c8052-b87b-41f8-90bd-4ff01118ab18","actor_username":"annya200279@gmail.com","actor_via_sso":false,"log_type":"account","traits":{"provider":"email"}}	2025-08-13 13:54:23.712223+00	
00000000-0000-0000-0000-000000000000	fc71dfa6-bd6b-4034-9168-3be0477556bd	{"action":"logout","actor_id":"cf4c8052-b87b-41f8-90bd-4ff01118ab18","actor_username":"annya200279@gmail.com","actor_via_sso":false,"log_type":"account"}	2025-08-13 13:54:38.496791+00	
00000000-0000-0000-0000-000000000000	92694d7e-1ab0-415b-9b41-5ed6c49b100e	{"action":"user_confirmation_requested","actor_id":"5a245507-ee0b-424f-ab87-bee233346fb5","actor_username":"hajime.cookie@icloud.com","actor_via_sso":false,"log_type":"user","traits":{"provider":"email"}}	2025-08-13 13:54:53.002431+00	
00000000-0000-0000-0000-000000000000	08c6e641-53fb-4453-9b09-02787e941631	{"action":"user_signedup","actor_id":"5a245507-ee0b-424f-ab87-bee233346fb5","actor_username":"hajime.cookie@icloud.com","actor_via_sso":false,"log_type":"team","traits":{"provider":"email"}}	2025-08-13 13:55:15.106627+00	
00000000-0000-0000-0000-000000000000	621a9351-5020-481a-8734-6f19362601be	{"action":"user_confirmation_requested","actor_id":"876333fe-6b05-49a9-a732-1e67a07c9f19","actor_username":"kyomirairio@gmail.com","actor_via_sso":false,"log_type":"user","traits":{"provider":"email"}}	2025-08-13 13:55:46.080721+00	
00000000-0000-0000-0000-000000000000	6d4b669e-a587-4e7a-aa3f-3e381da5f75f	{"action":"user_confirmation_requested","actor_id":"3b5b2498-86ed-4ed8-968d-b98a0e286c43","actor_username":"masha1219@hotmail.co.jp","actor_via_sso":false,"log_type":"user","traits":{"provider":"email"}}	2025-08-13 13:55:56.735897+00	
00000000-0000-0000-0000-000000000000	efb87821-2e27-4935-a320-b1cad81cb9dd	{"action":"login","actor_id":"cf4c8052-b87b-41f8-90bd-4ff01118ab18","actor_username":"annya200279@gmail.com","actor_via_sso":false,"log_type":"account","traits":{"provider":"email"}}	2025-08-13 13:55:57.293462+00	
00000000-0000-0000-0000-000000000000	580b8e9d-3512-462f-8d20-3f42cf46340e	{"action":"user_signedup","actor_id":"3b5b2498-86ed-4ed8-968d-b98a0e286c43","actor_username":"masha1219@hotmail.co.jp","actor_via_sso":false,"log_type":"team","traits":{"provider":"email"}}	2025-08-13 13:56:14.500811+00	
00000000-0000-0000-0000-000000000000	f95c9295-f82c-4798-835e-0f3df311ffb2	{"action":"user_signedup","actor_id":"876333fe-6b05-49a9-a732-1e67a07c9f19","actor_username":"kyomirairio@gmail.com","actor_via_sso":false,"log_type":"team","traits":{"provider":"email"}}	2025-08-13 13:56:21.117591+00	
00000000-0000-0000-0000-000000000000	b86832c6-4d7b-4073-859a-10a47ca5d050	{"action":"login","actor_id":"3b5b2498-86ed-4ed8-968d-b98a0e286c43","actor_username":"masha1219@hotmail.co.jp","actor_via_sso":false,"log_type":"account","traits":{"provider":"email"}}	2025-08-13 13:57:09.886527+00	
00000000-0000-0000-0000-000000000000	c442f4d8-7580-44a9-ac96-94ca38a0ab7a	{"action":"login","actor_id":"5a245507-ee0b-424f-ab87-bee233346fb5","actor_username":"hajime.cookie@icloud.com","actor_via_sso":false,"log_type":"account","traits":{"provider":"email"}}	2025-08-13 13:57:16.735718+00	
00000000-0000-0000-0000-000000000000	4f7a3d53-7268-4a24-ae6c-454de972da9a	{"action":"login","actor_id":"876333fe-6b05-49a9-a732-1e67a07c9f19","actor_username":"kyomirairio@gmail.com","actor_via_sso":false,"log_type":"account","traits":{"provider":"email"}}	2025-08-13 13:57:21.133437+00	
00000000-0000-0000-0000-000000000000	00f8892c-6fec-480c-8102-c91ff05d8af5	{"action":"login","actor_id":"876333fe-6b05-49a9-a732-1e67a07c9f19","actor_username":"kyomirairio@gmail.com","actor_via_sso":false,"log_type":"account","traits":{"provider":"email"}}	2025-08-13 13:57:23.271775+00	
00000000-0000-0000-0000-000000000000	31933e27-68a6-4069-8ec7-bcb3733332d6	{"action":"login","actor_id":"3b5b2498-86ed-4ed8-968d-b98a0e286c43","actor_username":"masha1219@hotmail.co.jp","actor_via_sso":false,"log_type":"account","traits":{"provider":"email"}}	2025-08-13 14:01:03.569393+00	
00000000-0000-0000-0000-000000000000	a6cf1ac6-3b9c-481a-b2b2-72842dc1c879	{"action":"token_refreshed","actor_id":"8508449f-fd28-4c23-867a-bf8b5649aea9","actor_username":"editer@example.com","actor_via_sso":false,"log_type":"token"}	2025-08-13 14:39:50.067814+00	
00000000-0000-0000-0000-000000000000	488028a8-1ea0-419b-8dfb-18a8a62a99af	{"action":"token_revoked","actor_id":"8508449f-fd28-4c23-867a-bf8b5649aea9","actor_username":"editer@example.com","actor_via_sso":false,"log_type":"token"}	2025-08-13 14:39:50.072203+00	
00000000-0000-0000-0000-000000000000	2bdce3ff-1271-4192-a99f-ffb622d4e862	{"action":"token_refreshed","actor_id":"8508449f-fd28-4c23-867a-bf8b5649aea9","actor_username":"editer@example.com","actor_via_sso":false,"log_type":"token"}	2025-08-13 14:55:03.816994+00	
00000000-0000-0000-0000-000000000000	0e7a3979-48d2-43d8-97b7-6f8b8ed36a94	{"action":"token_revoked","actor_id":"8508449f-fd28-4c23-867a-bf8b5649aea9","actor_username":"editer@example.com","actor_via_sso":false,"log_type":"token"}	2025-08-13 14:55:03.818523+00	
00000000-0000-0000-0000-000000000000	0e990e2d-72cc-4e49-ab65-8908fcc01605	{"action":"login","actor_id":"8508449f-fd28-4c23-867a-bf8b5649aea9","actor_username":"editer@example.com","actor_via_sso":false,"log_type":"account","traits":{"provider":"email"}}	2025-08-13 15:11:52.960332+00	
00000000-0000-0000-0000-000000000000	2c17dd7b-4dd9-4832-b175-1401c425a447	{"action":"login","actor_id":"cf4c8052-b87b-41f8-90bd-4ff01118ab18","actor_username":"annya200279@gmail.com","actor_via_sso":false,"log_type":"account","traits":{"provider":"email"}}	2025-08-13 15:39:32.412482+00	
00000000-0000-0000-0000-000000000000	5c57af8c-3dc6-4779-b72f-cef4f94756ab	{"action":"token_refreshed","actor_id":"5a245507-ee0b-424f-ab87-bee233346fb5","actor_username":"hajime.cookie@icloud.com","actor_via_sso":false,"log_type":"token"}	2025-08-13 15:52:46.096058+00	
00000000-0000-0000-0000-000000000000	433f7089-1eb8-4852-a7a4-71f15e0d0bba	{"action":"token_revoked","actor_id":"5a245507-ee0b-424f-ab87-bee233346fb5","actor_username":"hajime.cookie@icloud.com","actor_via_sso":false,"log_type":"token"}	2025-08-13 15:52:46.100015+00	
00000000-0000-0000-0000-000000000000	b7848bb5-987b-4759-819c-bf603cc9535b	{"action":"token_refreshed","actor_id":"3b5b2498-86ed-4ed8-968d-b98a0e286c43","actor_username":"masha1219@hotmail.co.jp","actor_via_sso":false,"log_type":"token"}	2025-08-13 16:34:58.360836+00	
00000000-0000-0000-0000-000000000000	41a8f13b-ae21-4217-9592-eb5459e11e82	{"action":"token_revoked","actor_id":"3b5b2498-86ed-4ed8-968d-b98a0e286c43","actor_username":"masha1219@hotmail.co.jp","actor_via_sso":false,"log_type":"token"}	2025-08-13 16:34:58.365743+00	
00000000-0000-0000-0000-000000000000	f4240c20-85d8-472e-8c5e-04d550a9700b	{"action":"token_refreshed","actor_id":"cf4c8052-b87b-41f8-90bd-4ff01118ab18","actor_username":"annya200279@gmail.com","actor_via_sso":false,"log_type":"token"}	2025-08-13 19:01:46.864663+00	
00000000-0000-0000-0000-000000000000	7df2964f-7a40-4a45-8049-6b7e353e49f9	{"action":"token_revoked","actor_id":"cf4c8052-b87b-41f8-90bd-4ff01118ab18","actor_username":"annya200279@gmail.com","actor_via_sso":false,"log_type":"token"}	2025-08-13 19:01:46.869279+00	
00000000-0000-0000-0000-000000000000	8b1892f6-1321-479b-ad39-c3e9a44416be	{"action":"token_refreshed","actor_id":"5a245507-ee0b-424f-ab87-bee233346fb5","actor_username":"hajime.cookie@icloud.com","actor_via_sso":false,"log_type":"token"}	2025-08-13 21:56:55.708532+00	
00000000-0000-0000-0000-000000000000	f5da411c-7a23-42d8-8b56-00ca08302a72	{"action":"token_revoked","actor_id":"5a245507-ee0b-424f-ab87-bee233346fb5","actor_username":"hajime.cookie@icloud.com","actor_via_sso":false,"log_type":"token"}	2025-08-13 21:56:55.71961+00	
00000000-0000-0000-0000-000000000000	aa6595ca-4930-454c-8530-c75072e7fbfc	{"action":"token_refreshed","actor_id":"5a245507-ee0b-424f-ab87-bee233346fb5","actor_username":"hajime.cookie@icloud.com","actor_via_sso":false,"log_type":"token"}	2025-08-13 21:56:55.768327+00	
00000000-0000-0000-0000-000000000000	5c3c9a7d-2115-46c8-9069-ffe77fd70e48	{"action":"token_refreshed","actor_id":"5a245507-ee0b-424f-ab87-bee233346fb5","actor_username":"hajime.cookie@icloud.com","actor_via_sso":false,"log_type":"token"}	2025-08-13 21:56:55.928601+00	
00000000-0000-0000-0000-000000000000	1d4a0046-3f92-4829-8ca5-f5ea956f115d	{"action":"token_refreshed","actor_id":"5a245507-ee0b-424f-ab87-bee233346fb5","actor_username":"hajime.cookie@icloud.com","actor_via_sso":false,"log_type":"token"}	2025-08-13 21:56:55.956777+00	
00000000-0000-0000-0000-000000000000	77fc9eee-3c05-4e9c-bec3-b4d53d9eead7	{"action":"token_refreshed","actor_id":"5a245507-ee0b-424f-ab87-bee233346fb5","actor_username":"hajime.cookie@icloud.com","actor_via_sso":false,"log_type":"token"}	2025-08-13 21:56:55.98287+00	
00000000-0000-0000-0000-000000000000	9edd99d4-3980-4889-bab9-2ce1c3555d24	{"action":"token_refreshed","actor_id":"5a245507-ee0b-424f-ab87-bee233346fb5","actor_username":"hajime.cookie@icloud.com","actor_via_sso":false,"log_type":"token"}	2025-08-13 21:56:56.04874+00	
00000000-0000-0000-0000-000000000000	7e58d17d-8c0a-4bb8-864b-c3e69615e375	{"action":"token_refreshed","actor_id":"5a245507-ee0b-424f-ab87-bee233346fb5","actor_username":"hajime.cookie@icloud.com","actor_via_sso":false,"log_type":"token"}	2025-08-13 21:56:56.076871+00	
00000000-0000-0000-0000-000000000000	6e874e13-66f1-4953-9a47-42e15bc37489	{"action":"token_refreshed","actor_id":"5a245507-ee0b-424f-ab87-bee233346fb5","actor_username":"hajime.cookie@icloud.com","actor_via_sso":false,"log_type":"token"}	2025-08-13 21:56:56.083753+00	
00000000-0000-0000-0000-000000000000	c401eea4-23fe-4d4f-826d-432be81ce127	{"action":"token_refreshed","actor_id":"5a245507-ee0b-424f-ab87-bee233346fb5","actor_username":"hajime.cookie@icloud.com","actor_via_sso":false,"log_type":"token"}	2025-08-13 21:56:56.109093+00	
00000000-0000-0000-0000-000000000000	0d2b7601-5ead-4b19-9467-eeb5bcc7d234	{"action":"token_refreshed","actor_id":"5a245507-ee0b-424f-ab87-bee233346fb5","actor_username":"hajime.cookie@icloud.com","actor_via_sso":false,"log_type":"token"}	2025-08-13 21:56:56.134165+00	
00000000-0000-0000-0000-000000000000	0f54c3d8-7424-4ac7-b346-99425909874b	{"action":"token_refreshed","actor_id":"5a245507-ee0b-424f-ab87-bee233346fb5","actor_username":"hajime.cookie@icloud.com","actor_via_sso":false,"log_type":"token"}	2025-08-13 21:56:56.158779+00	
00000000-0000-0000-0000-000000000000	c9298eae-64e7-4dbc-bb94-3c5330649504	{"action":"token_refreshed","actor_id":"5a245507-ee0b-424f-ab87-bee233346fb5","actor_username":"hajime.cookie@icloud.com","actor_via_sso":false,"log_type":"token"}	2025-08-13 21:56:56.184098+00	
00000000-0000-0000-0000-000000000000	b2847947-7539-444a-a101-e803b3c9c5d6	{"action":"token_refreshed","actor_id":"5a245507-ee0b-424f-ab87-bee233346fb5","actor_username":"hajime.cookie@icloud.com","actor_via_sso":false,"log_type":"token"}	2025-08-13 21:56:56.199512+00	
00000000-0000-0000-0000-000000000000	967e7ae2-a8bf-48a7-ad4a-ba9ad98bb9bd	{"action":"token_refreshed","actor_id":"5a245507-ee0b-424f-ab87-bee233346fb5","actor_username":"hajime.cookie@icloud.com","actor_via_sso":false,"log_type":"token"}	2025-08-13 21:56:56.221501+00	
00000000-0000-0000-0000-000000000000	51ee525a-59dd-4c6f-99ac-163b767be7bc	{"action":"token_refreshed","actor_id":"5a245507-ee0b-424f-ab87-bee233346fb5","actor_username":"hajime.cookie@icloud.com","actor_via_sso":false,"log_type":"token"}	2025-08-13 21:56:56.260583+00	
00000000-0000-0000-0000-000000000000	7c271850-f10f-4a87-bf3a-31e05215aca2	{"action":"token_refreshed","actor_id":"3b5b2498-86ed-4ed8-968d-b98a0e286c43","actor_username":"masha1219@hotmail.co.jp","actor_via_sso":false,"log_type":"token"}	2025-08-13 23:52:12.673166+00	
00000000-0000-0000-0000-000000000000	453d831e-bff4-47c4-b45a-ea706ef3608b	{"action":"token_revoked","actor_id":"3b5b2498-86ed-4ed8-968d-b98a0e286c43","actor_username":"masha1219@hotmail.co.jp","actor_via_sso":false,"log_type":"token"}	2025-08-13 23:52:12.676582+00	
00000000-0000-0000-0000-000000000000	6f7b927a-307e-483b-a1f3-186cff73a9ba	{"action":"token_refreshed","actor_id":"3b5b2498-86ed-4ed8-968d-b98a0e286c43","actor_username":"masha1219@hotmail.co.jp","actor_via_sso":false,"log_type":"token"}	2025-08-14 01:26:30.724644+00	
00000000-0000-0000-0000-000000000000	f60325eb-caaf-4c6d-9d2e-999d46e6cdc7	{"action":"token_revoked","actor_id":"3b5b2498-86ed-4ed8-968d-b98a0e286c43","actor_username":"masha1219@hotmail.co.jp","actor_via_sso":false,"log_type":"token"}	2025-08-14 01:26:30.732016+00	
00000000-0000-0000-0000-000000000000	fc820039-0eaa-4ce3-9eff-c9d582726e91	{"action":"token_refreshed","actor_id":"876333fe-6b05-49a9-a732-1e67a07c9f19","actor_username":"kyomirairio@gmail.com","actor_via_sso":false,"log_type":"token"}	2025-08-14 02:04:47.489723+00	
00000000-0000-0000-0000-000000000000	09c7ccda-4065-426c-ac6f-5c987956890f	{"action":"token_revoked","actor_id":"876333fe-6b05-49a9-a732-1e67a07c9f19","actor_username":"kyomirairio@gmail.com","actor_via_sso":false,"log_type":"token"}	2025-08-14 02:04:47.491284+00	
00000000-0000-0000-0000-000000000000	ef70e1b5-b29d-4ff6-b896-77d64b74664a	{"action":"token_refreshed","actor_id":"cf4c8052-b87b-41f8-90bd-4ff01118ab18","actor_username":"annya200279@gmail.com","actor_via_sso":false,"log_type":"token"}	2025-08-14 02:28:31.758539+00	
00000000-0000-0000-0000-000000000000	887d1f5f-b9a7-4800-8e22-9d1269da22fd	{"action":"token_revoked","actor_id":"cf4c8052-b87b-41f8-90bd-4ff01118ab18","actor_username":"annya200279@gmail.com","actor_via_sso":false,"log_type":"token"}	2025-08-14 02:28:31.761488+00	
00000000-0000-0000-0000-000000000000	402404f4-9c8f-4fcc-85f0-df0aab845ce6	{"action":"token_refreshed","actor_id":"5a245507-ee0b-424f-ab87-bee233346fb5","actor_username":"hajime.cookie@icloud.com","actor_via_sso":false,"log_type":"token"}	2025-08-14 02:49:21.126568+00	
00000000-0000-0000-0000-000000000000	3aa80f8a-a81f-45a0-bb47-4f1e71d3fbcb	{"action":"token_revoked","actor_id":"5a245507-ee0b-424f-ab87-bee233346fb5","actor_username":"hajime.cookie@icloud.com","actor_via_sso":false,"log_type":"token"}	2025-08-14 02:49:21.129933+00	
00000000-0000-0000-0000-000000000000	2a17a03f-5f8c-446a-b472-85150b91e387	{"action":"token_refreshed","actor_id":"8508449f-fd28-4c23-867a-bf8b5649aea9","actor_username":"editer@example.com","actor_via_sso":false,"log_type":"token"}	2025-08-14 06:30:10.266752+00	
00000000-0000-0000-0000-000000000000	90ceb6e2-f2ca-42ff-9856-b589cf5cda78	{"action":"token_revoked","actor_id":"8508449f-fd28-4c23-867a-bf8b5649aea9","actor_username":"editer@example.com","actor_via_sso":false,"log_type":"token"}	2025-08-14 06:30:10.278354+00	
00000000-0000-0000-0000-000000000000	2299e02a-dd13-4db6-9574-1094c3ecc3b7	{"action":"token_refreshed","actor_id":"3b5b2498-86ed-4ed8-968d-b98a0e286c43","actor_username":"masha1219@hotmail.co.jp","actor_via_sso":false,"log_type":"token"}	2025-08-14 08:36:49.204848+00	
00000000-0000-0000-0000-000000000000	e1366c21-353f-4f82-aaa7-ca069e604f17	{"action":"token_revoked","actor_id":"3b5b2498-86ed-4ed8-968d-b98a0e286c43","actor_username":"masha1219@hotmail.co.jp","actor_via_sso":false,"log_type":"token"}	2025-08-14 08:36:49.211934+00	
00000000-0000-0000-0000-000000000000	c85d1ea8-3d1d-4053-8c84-df7c19b89709	{"action":"token_refreshed","actor_id":"8508449f-fd28-4c23-867a-bf8b5649aea9","actor_username":"editer@example.com","actor_via_sso":false,"log_type":"token"}	2025-08-14 10:33:54.83285+00	
00000000-0000-0000-0000-000000000000	aaa7994b-7b66-4fa0-a185-e285a4a52af9	{"action":"token_revoked","actor_id":"8508449f-fd28-4c23-867a-bf8b5649aea9","actor_username":"editer@example.com","actor_via_sso":false,"log_type":"token"}	2025-08-14 10:33:54.844216+00	
00000000-0000-0000-0000-000000000000	805307d4-cf89-4d93-8b2c-c90aae47457e	{"action":"logout","actor_id":"8508449f-fd28-4c23-867a-bf8b5649aea9","actor_username":"editer@example.com","actor_via_sso":false,"log_type":"account"}	2025-08-14 10:33:58.142993+00	
00000000-0000-0000-0000-000000000000	dca1650b-6c5b-4551-aa47-310fa2972c50	{"action":"user_confirmation_requested","actor_id":"1702ab10-9d97-45a4-9339-e1e4acff85b5","actor_username":"terumi.contact.web@gmail.com","actor_via_sso":false,"log_type":"user","traits":{"provider":"email"}}	2025-08-14 10:34:15.216428+00	
00000000-0000-0000-0000-000000000000	a606076d-5efd-4d24-bae9-fd438c7a5393	{"action":"user_confirmation_requested","actor_id":"1702ab10-9d97-45a4-9339-e1e4acff85b5","actor_username":"terumi.contact.web@gmail.com","actor_via_sso":false,"log_type":"user","traits":{"provider":"email"}}	2025-08-14 10:40:22.509559+00	
00000000-0000-0000-0000-000000000000	61801aed-7078-42aa-8b79-895e38a732dc	{"action":"user_signedup","actor_id":"1702ab10-9d97-45a4-9339-e1e4acff85b5","actor_username":"terumi.contact.web@gmail.com","actor_via_sso":false,"log_type":"team","traits":{"provider":"email"}}	2025-08-14 10:46:03.890789+00	
00000000-0000-0000-0000-000000000000	96d6cdae-8fe2-43db-b86c-421ae8807c70	{"action":"user_repeated_signup","actor_id":"1702ab10-9d97-45a4-9339-e1e4acff85b5","actor_username":"terumi.contact.web@gmail.com","actor_via_sso":false,"log_type":"user","traits":{"provider":"email"}}	2025-08-14 10:46:19.413153+00	
00000000-0000-0000-0000-000000000000	a3a916c6-a29a-4d0b-a525-ce196dea34f8	{"action":"token_refreshed","actor_id":"3b5b2498-86ed-4ed8-968d-b98a0e286c43","actor_username":"masha1219@hotmail.co.jp","actor_via_sso":false,"log_type":"token"}	2025-08-14 11:01:14.596444+00	
00000000-0000-0000-0000-000000000000	93547d0b-04e8-4551-a874-5ede4ff44da0	{"action":"token_revoked","actor_id":"3b5b2498-86ed-4ed8-968d-b98a0e286c43","actor_username":"masha1219@hotmail.co.jp","actor_via_sso":false,"log_type":"token"}	2025-08-14 11:01:14.599039+00	
00000000-0000-0000-0000-000000000000	c4339808-9fa4-4596-82b7-a1dc55ce9d5d	{"action":"token_refreshed","actor_id":"3b5b2498-86ed-4ed8-968d-b98a0e286c43","actor_username":"masha1219@hotmail.co.jp","actor_via_sso":false,"log_type":"token"}	2025-08-14 12:02:29.704965+00	
00000000-0000-0000-0000-000000000000	f0588d0a-cd92-4b4f-aebb-a917a2740767	{"action":"token_revoked","actor_id":"3b5b2498-86ed-4ed8-968d-b98a0e286c43","actor_username":"masha1219@hotmail.co.jp","actor_via_sso":false,"log_type":"token"}	2025-08-14 12:02:29.710661+00	
00000000-0000-0000-0000-000000000000	b7d8ed15-9010-491c-9202-3fe4ae583799	{"action":"token_refreshed","actor_id":"3b5b2498-86ed-4ed8-968d-b98a0e286c43","actor_username":"masha1219@hotmail.co.jp","actor_via_sso":false,"log_type":"token"}	2025-08-14 15:08:19.156184+00	
00000000-0000-0000-0000-000000000000	a287c80b-1fe4-4a33-a919-a3d594656625	{"action":"token_revoked","actor_id":"3b5b2498-86ed-4ed8-968d-b98a0e286c43","actor_username":"masha1219@hotmail.co.jp","actor_via_sso":false,"log_type":"token"}	2025-08-14 15:08:19.158749+00	
00000000-0000-0000-0000-000000000000	1577c866-04a8-4adc-b07c-4cab02f7ef86	{"action":"token_refreshed","actor_id":"3b5b2498-86ed-4ed8-968d-b98a0e286c43","actor_username":"masha1219@hotmail.co.jp","actor_via_sso":false,"log_type":"token"}	2025-08-14 21:53:56.438566+00	
00000000-0000-0000-0000-000000000000	a8de1332-16eb-49a8-bef6-3da68edc3e71	{"action":"token_revoked","actor_id":"3b5b2498-86ed-4ed8-968d-b98a0e286c43","actor_username":"masha1219@hotmail.co.jp","actor_via_sso":false,"log_type":"token"}	2025-08-14 21:53:56.450886+00	
00000000-0000-0000-0000-000000000000	294b54c7-d99e-4637-afe3-9245ccefc935	{"action":"token_refreshed","actor_id":"876333fe-6b05-49a9-a732-1e67a07c9f19","actor_username":"kyomirairio@gmail.com","actor_via_sso":false,"log_type":"token"}	2025-08-15 00:06:27.933392+00	
00000000-0000-0000-0000-000000000000	958f35ad-ea90-4e8e-a718-b0632d1a948b	{"action":"token_revoked","actor_id":"876333fe-6b05-49a9-a732-1e67a07c9f19","actor_username":"kyomirairio@gmail.com","actor_via_sso":false,"log_type":"token"}	2025-08-15 00:06:27.936215+00	
00000000-0000-0000-0000-000000000000	d437c6a9-5105-4c17-8190-d047471b6b02	{"action":"token_refreshed","actor_id":"3b5b2498-86ed-4ed8-968d-b98a0e286c43","actor_username":"masha1219@hotmail.co.jp","actor_via_sso":false,"log_type":"token"}	2025-08-15 01:19:50.019493+00	
00000000-0000-0000-0000-000000000000	d429a03b-1a3c-4644-bd9a-f8d855355f42	{"action":"token_revoked","actor_id":"3b5b2498-86ed-4ed8-968d-b98a0e286c43","actor_username":"masha1219@hotmail.co.jp","actor_via_sso":false,"log_type":"token"}	2025-08-15 01:19:50.021012+00	
00000000-0000-0000-0000-000000000000	e80c3418-81a6-41ed-b048-4203a8d0b077	{"action":"token_refreshed","actor_id":"5a245507-ee0b-424f-ab87-bee233346fb5","actor_username":"hajime.cookie@icloud.com","actor_via_sso":false,"log_type":"token"}	2025-08-15 02:19:01.613674+00	
00000000-0000-0000-0000-000000000000	f9b9c549-2e04-4175-a403-756c5449da74	{"action":"token_revoked","actor_id":"5a245507-ee0b-424f-ab87-bee233346fb5","actor_username":"hajime.cookie@icloud.com","actor_via_sso":false,"log_type":"token"}	2025-08-15 02:19:01.616551+00	
00000000-0000-0000-0000-000000000000	e45f601e-f5c4-422d-b5a5-88fd10bb8316	{"action":"token_refreshed","actor_id":"876333fe-6b05-49a9-a732-1e67a07c9f19","actor_username":"kyomirairio@gmail.com","actor_via_sso":false,"log_type":"token"}	2025-08-15 04:26:48.54988+00	
00000000-0000-0000-0000-000000000000	a74f0054-18b7-4e41-a8f6-022966c15aa5	{"action":"token_revoked","actor_id":"876333fe-6b05-49a9-a732-1e67a07c9f19","actor_username":"kyomirairio@gmail.com","actor_via_sso":false,"log_type":"token"}	2025-08-15 04:26:48.552032+00	
00000000-0000-0000-0000-000000000000	103b9127-273f-485b-83d5-43d2c977ebfa	{"action":"token_refreshed","actor_id":"876333fe-6b05-49a9-a732-1e67a07c9f19","actor_username":"kyomirairio@gmail.com","actor_via_sso":false,"log_type":"token"}	2025-08-15 04:26:48.586551+00	
00000000-0000-0000-0000-000000000000	8dad9836-3cc8-4046-8223-2fd2d850a697	{"action":"token_refreshed","actor_id":"876333fe-6b05-49a9-a732-1e67a07c9f19","actor_username":"kyomirairio@gmail.com","actor_via_sso":false,"log_type":"token"}	2025-08-15 04:26:49.197072+00	
00000000-0000-0000-0000-000000000000	7cfa89ca-e6f5-4475-bf22-a1c1ff865250	{"action":"token_refreshed","actor_id":"876333fe-6b05-49a9-a732-1e67a07c9f19","actor_username":"kyomirairio@gmail.com","actor_via_sso":false,"log_type":"token"}	2025-08-15 04:26:49.226928+00	
00000000-0000-0000-0000-000000000000	42421ec6-78c8-40e3-883d-864a65f1f706	{"action":"token_refreshed","actor_id":"876333fe-6b05-49a9-a732-1e67a07c9f19","actor_username":"kyomirairio@gmail.com","actor_via_sso":false,"log_type":"token"}	2025-08-15 04:26:49.298579+00	
00000000-0000-0000-0000-000000000000	6225976c-1bb3-4e8a-bb2f-e7f592522f48	{"action":"token_refreshed","actor_id":"876333fe-6b05-49a9-a732-1e67a07c9f19","actor_username":"kyomirairio@gmail.com","actor_via_sso":false,"log_type":"token"}	2025-08-15 04:26:49.372383+00	
00000000-0000-0000-0000-000000000000	03e544dc-26a2-4cca-a4cf-b2c0a43cc136	{"action":"token_refreshed","actor_id":"876333fe-6b05-49a9-a732-1e67a07c9f19","actor_username":"kyomirairio@gmail.com","actor_via_sso":false,"log_type":"token"}	2025-08-15 08:49:03.991542+00	
00000000-0000-0000-0000-000000000000	90fd6a1c-2cd3-46d5-a007-4414b76a1e90	{"action":"token_revoked","actor_id":"876333fe-6b05-49a9-a732-1e67a07c9f19","actor_username":"kyomirairio@gmail.com","actor_via_sso":false,"log_type":"token"}	2025-08-15 08:49:04.001461+00	
00000000-0000-0000-0000-000000000000	ac145bc4-a6d7-4d65-9501-f10a7601c413	{"action":"token_refreshed","actor_id":"876333fe-6b05-49a9-a732-1e67a07c9f19","actor_username":"kyomirairio@gmail.com","actor_via_sso":false,"log_type":"token"}	2025-08-15 08:49:04.039318+00	
00000000-0000-0000-0000-000000000000	db264c7d-abfb-4ae9-a2a5-8680247bd1e1	{"action":"token_refreshed","actor_id":"876333fe-6b05-49a9-a732-1e67a07c9f19","actor_username":"kyomirairio@gmail.com","actor_via_sso":false,"log_type":"token"}	2025-08-15 08:49:04.55988+00	
00000000-0000-0000-0000-000000000000	712b2241-58f9-4eb0-85a5-ce89325c9883	{"action":"token_refreshed","actor_id":"876333fe-6b05-49a9-a732-1e67a07c9f19","actor_username":"kyomirairio@gmail.com","actor_via_sso":false,"log_type":"token"}	2025-08-15 08:49:04.591794+00	
00000000-0000-0000-0000-000000000000	8f24e856-0f4b-4b26-88f4-0a3f1b9700a3	{"action":"token_refreshed","actor_id":"876333fe-6b05-49a9-a732-1e67a07c9f19","actor_username":"kyomirairio@gmail.com","actor_via_sso":false,"log_type":"token"}	2025-08-15 08:49:04.617163+00	
00000000-0000-0000-0000-000000000000	f2b50e68-68a1-4bf7-ba31-0a6149bcf76d	{"action":"token_refreshed","actor_id":"876333fe-6b05-49a9-a732-1e67a07c9f19","actor_username":"kyomirairio@gmail.com","actor_via_sso":false,"log_type":"token"}	2025-08-15 08:49:04.625331+00	
00000000-0000-0000-0000-000000000000	aee6c3f5-08da-45dd-a2ce-e5d86fa49dbd	{"action":"token_refreshed","actor_id":"5a245507-ee0b-424f-ab87-bee233346fb5","actor_username":"hajime.cookie@icloud.com","actor_via_sso":false,"log_type":"token"}	2025-08-15 08:59:27.206588+00	
00000000-0000-0000-0000-000000000000	9d3c29a2-fee7-4b61-b130-24e48d13287a	{"action":"token_revoked","actor_id":"5a245507-ee0b-424f-ab87-bee233346fb5","actor_username":"hajime.cookie@icloud.com","actor_via_sso":false,"log_type":"token"}	2025-08-15 08:59:27.20925+00	
00000000-0000-0000-0000-000000000000	ee71639e-82c7-4376-a3a6-1cf685436cc9	{"action":"token_refreshed","actor_id":"5a245507-ee0b-424f-ab87-bee233346fb5","actor_username":"hajime.cookie@icloud.com","actor_via_sso":false,"log_type":"token"}	2025-08-15 10:39:31.340025+00	
00000000-0000-0000-0000-000000000000	6f46aa34-1359-4759-9ea7-8f154b13e16e	{"action":"token_revoked","actor_id":"5a245507-ee0b-424f-ab87-bee233346fb5","actor_username":"hajime.cookie@icloud.com","actor_via_sso":false,"log_type":"token"}	2025-08-15 10:39:31.343683+00	
00000000-0000-0000-0000-000000000000	a9f7e89b-4092-4793-ba6b-63e2f4fb13cd	{"action":"token_refreshed","actor_id":"5a245507-ee0b-424f-ab87-bee233346fb5","actor_username":"hajime.cookie@icloud.com","actor_via_sso":false,"log_type":"token"}	2025-08-15 10:39:31.733379+00	
00000000-0000-0000-0000-000000000000	e659727a-c00e-4bfb-a219-78c894c96e14	{"action":"token_refreshed","actor_id":"5a245507-ee0b-424f-ab87-bee233346fb5","actor_username":"hajime.cookie@icloud.com","actor_via_sso":false,"log_type":"token"}	2025-08-15 13:06:08.3628+00	
00000000-0000-0000-0000-000000000000	f169bdce-b3de-4cc8-b030-0b725c562cbf	{"action":"token_revoked","actor_id":"5a245507-ee0b-424f-ab87-bee233346fb5","actor_username":"hajime.cookie@icloud.com","actor_via_sso":false,"log_type":"token"}	2025-08-15 13:06:08.365427+00	
00000000-0000-0000-0000-000000000000	12ed7f88-e189-4732-942e-508a2e09a39d	{"action":"token_refreshed","actor_id":"5a245507-ee0b-424f-ab87-bee233346fb5","actor_username":"hajime.cookie@icloud.com","actor_via_sso":false,"log_type":"token"}	2025-08-15 13:06:08.384076+00	
00000000-0000-0000-0000-000000000000	55f7fba8-d3ff-443e-baf7-98cc9d5a4221	{"action":"token_refreshed","actor_id":"5a245507-ee0b-424f-ab87-bee233346fb5","actor_username":"hajime.cookie@icloud.com","actor_via_sso":false,"log_type":"token"}	2025-08-15 13:06:08.758935+00	
00000000-0000-0000-0000-000000000000	b181c6cd-a67d-4939-9297-94243dea19bb	{"action":"token_refreshed","actor_id":"5a245507-ee0b-424f-ab87-bee233346fb5","actor_username":"hajime.cookie@icloud.com","actor_via_sso":false,"log_type":"token"}	2025-08-15 13:06:08.771268+00	
00000000-0000-0000-0000-000000000000	fe64873f-6a4d-4f8b-8771-ce1403f0cd3a	{"action":"token_refreshed","actor_id":"5a245507-ee0b-424f-ab87-bee233346fb5","actor_username":"hajime.cookie@icloud.com","actor_via_sso":false,"log_type":"token"}	2025-08-15 13:06:08.7915+00	
00000000-0000-0000-0000-000000000000	92dbeee5-0449-454d-a194-f4eda117ff3d	{"action":"token_refreshed","actor_id":"5a245507-ee0b-424f-ab87-bee233346fb5","actor_username":"hajime.cookie@icloud.com","actor_via_sso":false,"log_type":"token"}	2025-08-15 13:06:08.806711+00	
00000000-0000-0000-0000-000000000000	65a9fa81-6f06-44ef-87da-3fcf8e0cde26	{"action":"token_refreshed","actor_id":"5a245507-ee0b-424f-ab87-bee233346fb5","actor_username":"hajime.cookie@icloud.com","actor_via_sso":false,"log_type":"token"}	2025-08-15 13:06:08.843274+00	
00000000-0000-0000-0000-000000000000	97508176-4a85-4004-85e7-71c22c18eea9	{"action":"token_refreshed","actor_id":"5a245507-ee0b-424f-ab87-bee233346fb5","actor_username":"hajime.cookie@icloud.com","actor_via_sso":false,"log_type":"token"}	2025-08-15 14:20:12.482947+00	
00000000-0000-0000-0000-000000000000	5130e701-367f-4406-b2e8-65d7269a2820	{"action":"token_revoked","actor_id":"5a245507-ee0b-424f-ab87-bee233346fb5","actor_username":"hajime.cookie@icloud.com","actor_via_sso":false,"log_type":"token"}	2025-08-15 14:20:12.486162+00	
00000000-0000-0000-0000-000000000000	c8e271c5-1566-4fe8-bfed-30287c07ef13	{"action":"token_refreshed","actor_id":"5a245507-ee0b-424f-ab87-bee233346fb5","actor_username":"hajime.cookie@icloud.com","actor_via_sso":false,"log_type":"token"}	2025-08-15 14:20:12.534156+00	
00000000-0000-0000-0000-000000000000	b35e1a48-02e8-4fee-8337-469bd2c60751	{"action":"token_refreshed","actor_id":"5a245507-ee0b-424f-ab87-bee233346fb5","actor_username":"hajime.cookie@icloud.com","actor_via_sso":false,"log_type":"token"}	2025-08-15 14:20:12.66183+00	
00000000-0000-0000-0000-000000000000	18b1d2ac-3872-40b8-9f5a-073962a73379	{"action":"token_refreshed","actor_id":"5a245507-ee0b-424f-ab87-bee233346fb5","actor_username":"hajime.cookie@icloud.com","actor_via_sso":false,"log_type":"token"}	2025-08-15 14:20:12.952673+00	
00000000-0000-0000-0000-000000000000	e047832b-b0fd-4430-80a9-a0462a6fc860	{"action":"token_refreshed","actor_id":"5a245507-ee0b-424f-ab87-bee233346fb5","actor_username":"hajime.cookie@icloud.com","actor_via_sso":false,"log_type":"token"}	2025-08-15 14:20:12.972394+00	
00000000-0000-0000-0000-000000000000	48adb605-e0fd-45fa-8c3b-a5d309712069	{"action":"token_refreshed","actor_id":"5a245507-ee0b-424f-ab87-bee233346fb5","actor_username":"hajime.cookie@icloud.com","actor_via_sso":false,"log_type":"token"}	2025-08-15 14:20:13.004274+00	
00000000-0000-0000-0000-000000000000	7a2b3c4a-d049-4783-a123-1df5dca1960b	{"action":"token_refreshed","actor_id":"5a245507-ee0b-424f-ab87-bee233346fb5","actor_username":"hajime.cookie@icloud.com","actor_via_sso":false,"log_type":"token"}	2025-08-15 14:20:13.074596+00	
00000000-0000-0000-0000-000000000000	37819dde-50aa-432a-8ad0-2ff21d55d8e4	{"action":"token_refreshed","actor_id":"5a245507-ee0b-424f-ab87-bee233346fb5","actor_username":"hajime.cookie@icloud.com","actor_via_sso":false,"log_type":"token"}	2025-08-15 14:20:13.104625+00	
00000000-0000-0000-0000-000000000000	8c82a618-53d4-4d7f-b2d6-bb8bb4fa15e5	{"action":"token_refreshed","actor_id":"5a245507-ee0b-424f-ab87-bee233346fb5","actor_username":"hajime.cookie@icloud.com","actor_via_sso":false,"log_type":"token"}	2025-08-15 15:59:03.17079+00	
00000000-0000-0000-0000-000000000000	4872d447-d47c-448d-8bf9-655078245b1b	{"action":"token_revoked","actor_id":"5a245507-ee0b-424f-ab87-bee233346fb5","actor_username":"hajime.cookie@icloud.com","actor_via_sso":false,"log_type":"token"}	2025-08-15 15:59:03.172962+00	
00000000-0000-0000-0000-000000000000	c53d2b4f-6d80-4ab8-bac9-7d7d3b4eab4d	{"action":"token_refreshed","actor_id":"5a245507-ee0b-424f-ab87-bee233346fb5","actor_username":"hajime.cookie@icloud.com","actor_via_sso":false,"log_type":"token"}	2025-08-15 15:59:03.205991+00	
00000000-0000-0000-0000-000000000000	c017828a-2b61-49c0-a52b-4e3dee6d7297	{"action":"token_refreshed","actor_id":"5a245507-ee0b-424f-ab87-bee233346fb5","actor_username":"hajime.cookie@icloud.com","actor_via_sso":false,"log_type":"token"}	2025-08-15 15:59:03.808196+00	
00000000-0000-0000-0000-000000000000	653b169c-512b-4cf2-90ce-20c470df23bd	{"action":"token_refreshed","actor_id":"5a245507-ee0b-424f-ab87-bee233346fb5","actor_username":"hajime.cookie@icloud.com","actor_via_sso":false,"log_type":"token"}	2025-08-15 15:59:03.828555+00	
00000000-0000-0000-0000-000000000000	47e4f496-64be-4b20-b252-98e656c72133	{"action":"token_refreshed","actor_id":"5a245507-ee0b-424f-ab87-bee233346fb5","actor_username":"hajime.cookie@icloud.com","actor_via_sso":false,"log_type":"token"}	2025-08-15 15:59:03.84301+00	
00000000-0000-0000-0000-000000000000	158d2167-b2f2-4d26-94ab-64a0dc0c5f62	{"action":"token_refreshed","actor_id":"5a245507-ee0b-424f-ab87-bee233346fb5","actor_username":"hajime.cookie@icloud.com","actor_via_sso":false,"log_type":"token"}	2025-08-15 15:59:03.860334+00	
00000000-0000-0000-0000-000000000000	e10ae056-f556-405c-878c-2c7555bec3ab	{"action":"token_refreshed","actor_id":"5a245507-ee0b-424f-ab87-bee233346fb5","actor_username":"hajime.cookie@icloud.com","actor_via_sso":false,"log_type":"token"}	2025-08-15 15:59:03.9038+00	
00000000-0000-0000-0000-000000000000	6f674fd8-66bc-418a-ae51-81920fcc5a9b	{"action":"token_refreshed","actor_id":"5a245507-ee0b-424f-ab87-bee233346fb5","actor_username":"hajime.cookie@icloud.com","actor_via_sso":false,"log_type":"token"}	2025-08-16 01:43:52.642347+00	
00000000-0000-0000-0000-000000000000	14e1c0b7-2035-4878-8308-d1c853078ca7	{"action":"token_revoked","actor_id":"5a245507-ee0b-424f-ab87-bee233346fb5","actor_username":"hajime.cookie@icloud.com","actor_via_sso":false,"log_type":"token"}	2025-08-16 01:43:52.65412+00	
00000000-0000-0000-0000-000000000000	c1e084ab-e4f0-4936-8116-59cabac679cf	{"action":"token_refreshed","actor_id":"5a245507-ee0b-424f-ab87-bee233346fb5","actor_username":"hajime.cookie@icloud.com","actor_via_sso":false,"log_type":"token"}	2025-08-16 01:43:52.697386+00	
00000000-0000-0000-0000-000000000000	058eb5dc-2f6f-4cc0-b866-30f6f51e2795	{"action":"token_refreshed","actor_id":"5a245507-ee0b-424f-ab87-bee233346fb5","actor_username":"hajime.cookie@icloud.com","actor_via_sso":false,"log_type":"token"}	2025-08-16 01:43:52.777071+00	
00000000-0000-0000-0000-000000000000	e3963e61-76e9-4488-8a4a-daf8414c4e3c	{"action":"token_refreshed","actor_id":"5a245507-ee0b-424f-ab87-bee233346fb5","actor_username":"hajime.cookie@icloud.com","actor_via_sso":false,"log_type":"token"}	2025-08-16 01:43:52.80209+00	
00000000-0000-0000-0000-000000000000	67d7e8bf-9b4a-41bb-86e4-00adc9b37742	{"action":"token_refreshed","actor_id":"5a245507-ee0b-424f-ab87-bee233346fb5","actor_username":"hajime.cookie@icloud.com","actor_via_sso":false,"log_type":"token"}	2025-08-16 01:43:52.840896+00	
00000000-0000-0000-0000-000000000000	8983b027-d2aa-4f18-a5a4-67629aac6c8d	{"action":"token_refreshed","actor_id":"5a245507-ee0b-424f-ab87-bee233346fb5","actor_username":"hajime.cookie@icloud.com","actor_via_sso":false,"log_type":"token"}	2025-08-16 01:43:52.855476+00	
00000000-0000-0000-0000-000000000000	53e8f089-f9a6-43fc-bb7f-05f290b730dd	{"action":"token_refreshed","actor_id":"5a245507-ee0b-424f-ab87-bee233346fb5","actor_username":"hajime.cookie@icloud.com","actor_via_sso":false,"log_type":"token"}	2025-08-16 01:43:52.881965+00	
00000000-0000-0000-0000-000000000000	4764300d-2f30-4a49-8aa3-a1d96fbe76e4	{"action":"login","actor_id":"8508449f-fd28-4c23-867a-bf8b5649aea9","actor_username":"editer@example.com","actor_via_sso":false,"log_type":"account","traits":{"provider":"email"}}	2025-08-16 06:32:15.417694+00	
00000000-0000-0000-0000-000000000000	b40eb494-ebe6-482a-8595-4f05be886958	{"action":"login","actor_id":"8508449f-fd28-4c23-867a-bf8b5649aea9","actor_username":"editer@example.com","actor_via_sso":false,"log_type":"account","traits":{"provider":"email"}}	2025-08-16 07:29:45.404718+00	
00000000-0000-0000-0000-000000000000	ceadd9de-bdc2-4124-afde-282663888b45	{"action":"user_invited","actor_id":"00000000-0000-0000-0000-000000000000","actor_username":"service_role","actor_via_sso":false,"log_type":"team","traits":{"user_email":"test-1755329595405@example.com","user_id":"8204834b-73e6-4b8f-9342-015bbb5f1a04"}}	2025-08-16 07:33:14.531001+00	
00000000-0000-0000-0000-000000000000	f2698172-fed1-4bff-ab46-6247786264eb	{"action":"user_invited","actor_id":"00000000-0000-0000-0000-000000000000","actor_username":"service_role","actor_via_sso":false,"log_type":"team","traits":{"user_email":"test-1755329769725@example.com","user_id":"33f5e19b-745f-47cd-ad6b-56abb5f6c929"}}	2025-08-16 07:36:08.832908+00	
00000000-0000-0000-0000-000000000000	0fc3fe31-429a-49af-a765-3bca288638b3	{"action":"user_recovery_requested","actor_id":"1702ab10-9d97-45a4-9339-e1e4acff85b5","actor_username":"terumi.contact.web@gmail.com","actor_via_sso":false,"log_type":"user"}	2025-08-16 08:08:19.410186+00	
00000000-0000-0000-0000-000000000000	1f3bb9f4-cd78-4d7a-9efc-10f38eea01bc	{"action":"user_invited","actor_id":"00000000-0000-0000-0000-000000000000","actor_username":"service_role","actor_via_sso":false,"log_type":"team","traits":{"user_email":"test-1755331955029@example.com","user_id":"1e40222b-c1ce-4d4f-9db4-ab018cc91003"}}	2025-08-16 08:12:34.127513+00	
00000000-0000-0000-0000-000000000000	9a530cd3-03d4-414f-b248-be1b5795146e	{"action":"user_recovery_requested","actor_id":"1702ab10-9d97-45a4-9339-e1e4acff85b5","actor_username":"terumi.contact.web@gmail.com","actor_via_sso":false,"log_type":"user"}	2025-08-16 08:14:00.686363+00	
00000000-0000-0000-0000-000000000000	5bc44605-6510-4bec-ae60-6975b568a803	{"action":"user_invited","actor_id":"00000000-0000-0000-0000-000000000000","actor_username":"service_role","actor_via_sso":false,"log_type":"team","traits":{"user_email":"test-1755332253151@example.com","user_id":"7f353a75-7406-458c-9888-b49353d026f9"}}	2025-08-16 08:17:32.248972+00	
00000000-0000-0000-0000-000000000000	f2dd10b3-488c-424e-9f39-582952012475	{"action":"user_invited","actor_id":"00000000-0000-0000-0000-000000000000","actor_username":"service_role","actor_via_sso":false,"log_type":"team","traits":{"user_email":"test-1755332938854@example.com","user_id":"b264b05c-272c-468c-861f-3b8fd15939c5"}}	2025-08-16 08:28:57.991514+00	
00000000-0000-0000-0000-000000000000	8e26e8bf-483b-4521-90a2-62918058b0f9	{"action":"user_signedup","actor_id":"00000000-0000-0000-0000-000000000000","actor_username":"service_role","actor_via_sso":false,"log_type":"team","traits":{"provider":"email","user_email":"test-user-1755332991614@example.com","user_id":"65cf6403-4963-4b20-a6eb-8613ff621846","user_phone":""}}	2025-08-16 08:29:50.845059+00	
00000000-0000-0000-0000-000000000000	d12ec928-ab35-4ee1-aa15-b9510ce3ea67	{"action":"user_modified","actor_id":"00000000-0000-0000-0000-000000000000","actor_username":"service_role","actor_via_sso":false,"log_type":"user","traits":{"user_email":"test-user-1755332991614@example.com","user_id":"65cf6403-4963-4b20-a6eb-8613ff621846","user_phone":""}}	2025-08-16 08:29:51.032187+00	
00000000-0000-0000-0000-000000000000	feba3f5c-cd07-4be1-86c8-8fdd39ea385c	{"action":"user_recovery_requested","actor_id":"65cf6403-4963-4b20-a6eb-8613ff621846","actor_username":"test-user-1755332991614@example.com","actor_via_sso":false,"log_type":"user"}	2025-08-16 08:29:51.102502+00	
00000000-0000-0000-0000-000000000000	47417805-8840-4e13-91fc-7fdde3ccffaa	{"action":"user_deleted","actor_id":"00000000-0000-0000-0000-000000000000","actor_username":"service_role","actor_via_sso":false,"log_type":"team","traits":{"user_email":"test-user-1755332991614@example.com","user_id":"65cf6403-4963-4b20-a6eb-8613ff621846","user_phone":""}}	2025-08-16 08:29:51.219147+00	
00000000-0000-0000-0000-000000000000	667de2ef-401a-4f12-b73b-962e44215bbc	{"action":"user_signedup","actor_id":"00000000-0000-0000-0000-000000000000","actor_username":"service_role","actor_via_sso":false,"log_type":"team","traits":{"provider":"email","user_email":"test-user-1755333044879@example.com","user_id":"7fcd8080-c1d8-4d86-a66b-fcc060e3bcac","user_phone":""}}	2025-08-16 08:30:44.338646+00	
00000000-0000-0000-0000-000000000000	4039002f-7bd7-4295-a560-c1e8f858cbfe	{"action":"user_modified","actor_id":"00000000-0000-0000-0000-000000000000","actor_username":"service_role","actor_via_sso":false,"log_type":"user","traits":{"user_email":"test-user-1755333044879@example.com","user_id":"7fcd8080-c1d8-4d86-a66b-fcc060e3bcac","user_phone":""}}	2025-08-16 08:30:44.436746+00	
00000000-0000-0000-0000-000000000000	354bbb36-fb18-49ea-a1d1-0c383d19d542	{"action":"user_recovery_requested","actor_id":"7fcd8080-c1d8-4d86-a66b-fcc060e3bcac","actor_username":"test-user-1755333044879@example.com","actor_via_sso":false,"log_type":"user"}	2025-08-16 08:30:44.475977+00	
00000000-0000-0000-0000-000000000000	456edcae-f9e7-45ee-bb69-68998c00bf02	{"action":"user_deleted","actor_id":"00000000-0000-0000-0000-000000000000","actor_username":"service_role","actor_via_sso":false,"log_type":"team","traits":{"user_email":"test-user-1755333044879@example.com","user_id":"7fcd8080-c1d8-4d86-a66b-fcc060e3bcac","user_phone":""}}	2025-08-16 08:30:44.587097+00	
00000000-0000-0000-0000-000000000000	c8c3839d-3fa9-488a-b884-a6bfb30ea4df	{"action":"token_refreshed","actor_id":"8508449f-fd28-4c23-867a-bf8b5649aea9","actor_username":"editer@example.com","actor_via_sso":false,"log_type":"token"}	2025-08-16 08:31:37.970438+00	
00000000-0000-0000-0000-000000000000	096f31f2-a9bf-4d8c-b681-79dda0444175	{"action":"token_revoked","actor_id":"8508449f-fd28-4c23-867a-bf8b5649aea9","actor_username":"editer@example.com","actor_via_sso":false,"log_type":"token"}	2025-08-16 08:31:37.970961+00	
00000000-0000-0000-0000-000000000000	cd0db5b9-116f-4165-a19c-66ad31697889	{"action":"token_refreshed","actor_id":"8508449f-fd28-4c23-867a-bf8b5649aea9","actor_username":"editer@example.com","actor_via_sso":false,"log_type":"token"}	2025-08-16 09:00:45.474119+00	
00000000-0000-0000-0000-000000000000	06f6d40e-7aad-4428-9521-d50f3fb0aaf8	{"action":"token_revoked","actor_id":"8508449f-fd28-4c23-867a-bf8b5649aea9","actor_username":"editer@example.com","actor_via_sso":false,"log_type":"token"}	2025-08-16 09:00:45.477364+00	
00000000-0000-0000-0000-000000000000	319efe8a-3d2b-41d1-bf25-3d6e8b2eafdc	{"action":"user_deleted","actor_id":"00000000-0000-0000-0000-000000000000","actor_username":"service_role","actor_via_sso":false,"log_type":"team","traits":{"user_email":"test-1755332938854@example.com","user_id":"b264b05c-272c-468c-861f-3b8fd15939c5","user_phone":""}}	2025-08-16 09:00:57.353735+00	
00000000-0000-0000-0000-000000000000	d7f02dc8-9254-4fd9-b5c3-858944df8171	{"action":"token_revoked","actor_id":"8508449f-fd28-4c23-867a-bf8b5649aea9","actor_username":"editer@example.com","actor_via_sso":false,"log_type":"token"}	2025-08-17 14:39:23.977526+00	
00000000-0000-0000-0000-000000000000	bdbdd739-a1fa-417a-ba14-f7ce227f3126	{"action":"user_deleted","actor_id":"00000000-0000-0000-0000-000000000000","actor_username":"service_role","actor_via_sso":false,"log_type":"team","traits":{"user_email":"test-1755332253151@example.com","user_id":"7f353a75-7406-458c-9888-b49353d026f9","user_phone":""}}	2025-08-16 09:01:00.858658+00	
00000000-0000-0000-0000-000000000000	182e6d26-972e-4169-852d-9c9f883db546	{"action":"user_deleted","actor_id":"00000000-0000-0000-0000-000000000000","actor_username":"service_role","actor_via_sso":false,"log_type":"team","traits":{"user_email":"test-1755331955029@example.com","user_id":"1e40222b-c1ce-4d4f-9db4-ab018cc91003","user_phone":""}}	2025-08-16 09:01:04.566554+00	
00000000-0000-0000-0000-000000000000	913466b7-324e-4b3f-9773-3e6d3905390e	{"action":"user_deleted","actor_id":"00000000-0000-0000-0000-000000000000","actor_username":"service_role","actor_via_sso":false,"log_type":"team","traits":{"user_email":"test-1755329769725@example.com","user_id":"33f5e19b-745f-47cd-ad6b-56abb5f6c929","user_phone":""}}	2025-08-16 09:01:07.185449+00	
00000000-0000-0000-0000-000000000000	54eff7b2-4cb8-4aec-9020-cbf4ef4e25e4	{"action":"user_deleted","actor_id":"00000000-0000-0000-0000-000000000000","actor_username":"service_role","actor_via_sso":false,"log_type":"team","traits":{"user_email":"test-1755329595405@example.com","user_id":"8204834b-73e6-4b8f-9342-015bbb5f1a04","user_phone":""}}	2025-08-16 09:01:10.048343+00	
00000000-0000-0000-0000-000000000000	7e26ee2c-d7c6-48ad-8b6c-226a86cd3a0c	{"action":"user_recovery_requested","actor_id":"1702ab10-9d97-45a4-9339-e1e4acff85b5","actor_username":"terumi.contact.web@gmail.com","actor_via_sso":false,"log_type":"user"}	2025-08-16 09:01:13.813444+00	
00000000-0000-0000-0000-000000000000	df965177-3bdc-4a05-ae98-891ca85adb9e	{"action":"token_refreshed","actor_id":"8508449f-fd28-4c23-867a-bf8b5649aea9","actor_username":"editer@example.com","actor_via_sso":false,"log_type":"token"}	2025-08-16 10:34:07.694072+00	
00000000-0000-0000-0000-000000000000	5ed60ec4-ce47-43e3-9eae-700088bf51b9	{"action":"token_revoked","actor_id":"8508449f-fd28-4c23-867a-bf8b5649aea9","actor_username":"editer@example.com","actor_via_sso":false,"log_type":"token"}	2025-08-16 10:34:07.703276+00	
00000000-0000-0000-0000-000000000000	1f39e72f-560b-45f6-a007-b174e9abc5a5	{"action":"user_signedup","actor_id":"00000000-0000-0000-0000-000000000000","actor_username":"service_role","actor_via_sso":false,"log_type":"team","traits":{"provider":"email","user_email":"test@example.com","user_id":"f0daeda1-1dd5-428e-ad3f-9ec98f7ea8d9","user_phone":""}}	2025-08-16 10:35:56.787966+00	
00000000-0000-0000-0000-000000000000	00ca5b6d-4774-4dde-a695-68f5257ff933	{"action":"user_recovery_requested","actor_id":"f0daeda1-1dd5-428e-ad3f-9ec98f7ea8d9","actor_username":"test@example.com","actor_via_sso":false,"log_type":"user"}	2025-08-16 10:36:02.670196+00	
00000000-0000-0000-0000-000000000000	a3442d7a-d3c9-4f4b-8f84-cafdfdaf12a5	{"action":"login","actor_id":"1702ab10-9d97-45a4-9339-e1e4acff85b5","actor_username":"terumi.contact.web@gmail.com","actor_via_sso":false,"log_type":"account","traits":{"provider":"email"}}	2025-08-16 10:49:04.150538+00	
00000000-0000-0000-0000-000000000000	807adf32-3102-48e8-bfdc-72a7ed8156a8	{"action":"login","actor_id":"8508449f-fd28-4c23-867a-bf8b5649aea9","actor_username":"editer@example.com","actor_via_sso":false,"log_type":"account","traits":{"provider":"email"}}	2025-08-16 10:53:28.963652+00	
00000000-0000-0000-0000-000000000000	b5e1eab5-0810-4c03-af67-881935554e62	{"action":"token_refreshed","actor_id":"8508449f-fd28-4c23-867a-bf8b5649aea9","actor_username":"editer@example.com","actor_via_sso":false,"log_type":"token"}	2025-08-16 10:55:32.934095+00	
00000000-0000-0000-0000-000000000000	333ba34e-ce19-4535-8b58-27d99e08bc40	{"action":"token_revoked","actor_id":"8508449f-fd28-4c23-867a-bf8b5649aea9","actor_username":"editer@example.com","actor_via_sso":false,"log_type":"token"}	2025-08-16 10:55:32.936763+00	
00000000-0000-0000-0000-000000000000	3eba9724-2ec8-47d2-a8d0-da8aa9343dd0	{"action":"token_refreshed","actor_id":"1702ab10-9d97-45a4-9339-e1e4acff85b5","actor_username":"terumi.contact.web@gmail.com","actor_via_sso":false,"log_type":"token"}	2025-08-16 14:08:03.733423+00	
00000000-0000-0000-0000-000000000000	6bc2399e-cb55-4f08-a3dc-982d855b0532	{"action":"token_revoked","actor_id":"1702ab10-9d97-45a4-9339-e1e4acff85b5","actor_username":"terumi.contact.web@gmail.com","actor_via_sso":false,"log_type":"token"}	2025-08-16 14:08:03.736196+00	
00000000-0000-0000-0000-000000000000	73d14ad0-df8b-44a4-a18a-12aa7cf3a1ea	{"action":"token_refreshed","actor_id":"8508449f-fd28-4c23-867a-bf8b5649aea9","actor_username":"editer@example.com","actor_via_sso":false,"log_type":"token"}	2025-08-16 14:08:04.757388+00	
00000000-0000-0000-0000-000000000000	f176b3de-a9ca-4f86-80d6-fd5d7b077d99	{"action":"token_revoked","actor_id":"8508449f-fd28-4c23-867a-bf8b5649aea9","actor_username":"editer@example.com","actor_via_sso":false,"log_type":"token"}	2025-08-16 14:08:04.757979+00	
00000000-0000-0000-0000-000000000000	ade7f903-d5e4-42cf-8d85-52808313da88	{"action":"token_refreshed","actor_id":"3b5b2498-86ed-4ed8-968d-b98a0e286c43","actor_username":"masha1219@hotmail.co.jp","actor_via_sso":false,"log_type":"token"}	2025-08-17 06:25:20.969259+00	
00000000-0000-0000-0000-000000000000	3d353d86-b72f-45b2-8896-17f14a1e344b	{"action":"token_revoked","actor_id":"3b5b2498-86ed-4ed8-968d-b98a0e286c43","actor_username":"masha1219@hotmail.co.jp","actor_via_sso":false,"log_type":"token"}	2025-08-17 06:25:20.977327+00	
00000000-0000-0000-0000-000000000000	f33cda78-81fa-4b05-9a38-a67d11cb3cfe	{"action":"token_refreshed","actor_id":"876333fe-6b05-49a9-a732-1e67a07c9f19","actor_username":"kyomirairio@gmail.com","actor_via_sso":false,"log_type":"token"}	2025-08-17 12:30:54.559681+00	
00000000-0000-0000-0000-000000000000	9a392b37-346b-4994-be0c-390d1c83e981	{"action":"token_revoked","actor_id":"876333fe-6b05-49a9-a732-1e67a07c9f19","actor_username":"kyomirairio@gmail.com","actor_via_sso":false,"log_type":"token"}	2025-08-17 12:30:54.57236+00	
00000000-0000-0000-0000-000000000000	de953ce2-df60-440c-b74e-4c048ed91fb9	{"action":"token_refreshed","actor_id":"8508449f-fd28-4c23-867a-bf8b5649aea9","actor_username":"editer@example.com","actor_via_sso":false,"log_type":"token"}	2025-08-17 13:40:24.934951+00	
00000000-0000-0000-0000-000000000000	1501d8cb-803b-43d7-9ada-070d122125da	{"action":"token_revoked","actor_id":"8508449f-fd28-4c23-867a-bf8b5649aea9","actor_username":"editer@example.com","actor_via_sso":false,"log_type":"token"}	2025-08-17 13:40:24.940177+00	
00000000-0000-0000-0000-000000000000	1c6bb96a-9831-48e8-a6cb-da9e91adcb52	{"action":"token_refreshed","actor_id":"8508449f-fd28-4c23-867a-bf8b5649aea9","actor_username":"editer@example.com","actor_via_sso":false,"log_type":"token"}	2025-08-17 14:39:23.973244+00	
00000000-0000-0000-0000-000000000000	952df089-15c1-467a-94e6-92ba0e9cbd71	{"action":"token_refreshed","actor_id":"8508449f-fd28-4c23-867a-bf8b5649aea9","actor_username":"editer@example.com","actor_via_sso":false,"log_type":"token"}	2025-08-17 14:51:46.536381+00	
00000000-0000-0000-0000-000000000000	a469961c-1514-4993-a4d7-ce6a1ff68422	{"action":"token_revoked","actor_id":"8508449f-fd28-4c23-867a-bf8b5649aea9","actor_username":"editer@example.com","actor_via_sso":false,"log_type":"token"}	2025-08-17 14:51:46.540379+00	
00000000-0000-0000-0000-000000000000	4ef0ded0-877f-4bd6-8487-fec81da50877	{"action":"token_refreshed","actor_id":"1702ab10-9d97-45a4-9339-e1e4acff85b5","actor_username":"terumi.contact.web@gmail.com","actor_via_sso":false,"log_type":"token"}	2025-08-17 14:55:34.995474+00	
00000000-0000-0000-0000-000000000000	81fe8596-cd4c-491b-bf7d-4d6cb9eb9f2e	{"action":"token_revoked","actor_id":"1702ab10-9d97-45a4-9339-e1e4acff85b5","actor_username":"terumi.contact.web@gmail.com","actor_via_sso":false,"log_type":"token"}	2025-08-17 14:55:34.997001+00	
00000000-0000-0000-0000-000000000000	812dcdbf-ce6c-4ece-88f0-57cbc057473a	{"action":"token_refreshed","actor_id":"8508449f-fd28-4c23-867a-bf8b5649aea9","actor_username":"editer@example.com","actor_via_sso":false,"log_type":"token"}	2025-08-17 15:51:58.049571+00	
00000000-0000-0000-0000-000000000000	ab870a84-3c99-480a-a08b-cb445b9b4cf5	{"action":"token_revoked","actor_id":"8508449f-fd28-4c23-867a-bf8b5649aea9","actor_username":"editer@example.com","actor_via_sso":false,"log_type":"token"}	2025-08-17 15:51:58.050389+00	
00000000-0000-0000-0000-000000000000	1b9192ec-4581-4c86-93f8-3310017d34a4	{"action":"token_refreshed","actor_id":"1702ab10-9d97-45a4-9339-e1e4acff85b5","actor_username":"terumi.contact.web@gmail.com","actor_via_sso":false,"log_type":"token"}	2025-08-17 16:20:44.499681+00	
00000000-0000-0000-0000-000000000000	bd6c682d-4e3b-433f-901a-b23e529532cd	{"action":"token_revoked","actor_id":"1702ab10-9d97-45a4-9339-e1e4acff85b5","actor_username":"terumi.contact.web@gmail.com","actor_via_sso":false,"log_type":"token"}	2025-08-17 16:20:44.501956+00	
00000000-0000-0000-0000-000000000000	cd68b898-d882-4c69-bcf0-4f69bde6cf8b	{"action":"token_refreshed","actor_id":"8508449f-fd28-4c23-867a-bf8b5649aea9","actor_username":"editer@example.com","actor_via_sso":false,"log_type":"token"}	2025-08-17 16:27:22.199445+00	
00000000-0000-0000-0000-000000000000	fa3e8ed3-1ccf-405d-bc35-bcca708ea115	{"action":"token_revoked","actor_id":"8508449f-fd28-4c23-867a-bf8b5649aea9","actor_username":"editer@example.com","actor_via_sso":false,"log_type":"token"}	2025-08-17 16:27:22.200925+00	
00000000-0000-0000-0000-000000000000	5100aa37-e3ba-4d36-974d-6efb39ec6f79	{"action":"token_refreshed","actor_id":"8508449f-fd28-4c23-867a-bf8b5649aea9","actor_username":"editer@example.com","actor_via_sso":false,"log_type":"token"}	2025-08-17 16:41:52.347041+00	
00000000-0000-0000-0000-000000000000	3d950f42-8588-4e6b-b087-a1c66aacf4d4	{"action":"token_revoked","actor_id":"8508449f-fd28-4c23-867a-bf8b5649aea9","actor_username":"editer@example.com","actor_via_sso":false,"log_type":"token"}	2025-08-17 16:41:52.351671+00	
00000000-0000-0000-0000-000000000000	d91bf960-af51-4371-b235-1f77cc003c8e	{"action":"token_refreshed","actor_id":"876333fe-6b05-49a9-a732-1e67a07c9f19","actor_username":"kyomirairio@gmail.com","actor_via_sso":false,"log_type":"token"}	2025-08-18 05:39:13.740946+00	
00000000-0000-0000-0000-000000000000	2cd1e867-b740-4c4c-9a03-27f60d6cdfa9	{"action":"token_revoked","actor_id":"876333fe-6b05-49a9-a732-1e67a07c9f19","actor_username":"kyomirairio@gmail.com","actor_via_sso":false,"log_type":"token"}	2025-08-18 05:39:13.74452+00	
00000000-0000-0000-0000-000000000000	15f958f6-201c-45b0-af7c-c01ba280196c	{"action":"token_refreshed","actor_id":"cf4c8052-b87b-41f8-90bd-4ff01118ab18","actor_username":"annya200279@gmail.com","actor_via_sso":false,"log_type":"token"}	2025-08-18 10:41:35.928514+00	
00000000-0000-0000-0000-000000000000	e99b8a55-06c1-4162-9780-aea1d12fc456	{"action":"token_revoked","actor_id":"cf4c8052-b87b-41f8-90bd-4ff01118ab18","actor_username":"annya200279@gmail.com","actor_via_sso":false,"log_type":"token"}	2025-08-18 10:41:35.942791+00	
00000000-0000-0000-0000-000000000000	9a514ead-f21a-499b-aa19-1794d33711a6	{"action":"token_refreshed","actor_id":"3b5b2498-86ed-4ed8-968d-b98a0e286c43","actor_username":"masha1219@hotmail.co.jp","actor_via_sso":false,"log_type":"token"}	2025-08-18 10:44:11.790075+00	
00000000-0000-0000-0000-000000000000	1d099dce-21f0-4bd8-acf6-647fdb43049c	{"action":"token_revoked","actor_id":"3b5b2498-86ed-4ed8-968d-b98a0e286c43","actor_username":"masha1219@hotmail.co.jp","actor_via_sso":false,"log_type":"token"}	2025-08-18 10:44:11.792696+00	
00000000-0000-0000-0000-000000000000	31fdc480-b1f4-4b7a-bf3d-fbca0a0f5909	{"action":"token_refreshed","actor_id":"876333fe-6b05-49a9-a732-1e67a07c9f19","actor_username":"kyomirairio@gmail.com","actor_via_sso":false,"log_type":"token"}	2025-08-19 06:50:17.436722+00	
00000000-0000-0000-0000-000000000000	c36df988-a4a5-4ea8-82df-64a31324bdba	{"action":"token_revoked","actor_id":"876333fe-6b05-49a9-a732-1e67a07c9f19","actor_username":"kyomirairio@gmail.com","actor_via_sso":false,"log_type":"token"}	2025-08-19 06:50:17.458941+00	
00000000-0000-0000-0000-000000000000	c77e2aec-a769-40af-bec8-cf84302d6599	{"action":"token_refreshed","actor_id":"cf4c8052-b87b-41f8-90bd-4ff01118ab18","actor_username":"annya200279@gmail.com","actor_via_sso":false,"log_type":"token"}	2025-08-19 06:54:18.9185+00	
00000000-0000-0000-0000-000000000000	60b9c43d-c5e5-4d11-a681-3724e9b24293	{"action":"token_revoked","actor_id":"cf4c8052-b87b-41f8-90bd-4ff01118ab18","actor_username":"annya200279@gmail.com","actor_via_sso":false,"log_type":"token"}	2025-08-19 06:54:18.921395+00	
00000000-0000-0000-0000-000000000000	d7a3f60e-6d95-44d6-8d87-522ca7dd3e4b	{"action":"token_refreshed","actor_id":"876333fe-6b05-49a9-a732-1e67a07c9f19","actor_username":"kyomirairio@gmail.com","actor_via_sso":false,"log_type":"token"}	2025-08-19 08:07:50.674566+00	
00000000-0000-0000-0000-000000000000	c5e86625-9c30-471a-b18d-2850d4c67b28	{"action":"token_revoked","actor_id":"876333fe-6b05-49a9-a732-1e67a07c9f19","actor_username":"kyomirairio@gmail.com","actor_via_sso":false,"log_type":"token"}	2025-08-19 08:07:50.676604+00	
00000000-0000-0000-0000-000000000000	ce3d696f-6865-48f5-8858-a1e3620e4d14	{"action":"token_refreshed","actor_id":"876333fe-6b05-49a9-a732-1e67a07c9f19","actor_username":"kyomirairio@gmail.com","actor_via_sso":false,"log_type":"token"}	2025-08-19 09:07:01.906891+00	
00000000-0000-0000-0000-000000000000	9ce06680-5839-485c-a966-025981f937d2	{"action":"token_revoked","actor_id":"876333fe-6b05-49a9-a732-1e67a07c9f19","actor_username":"kyomirairio@gmail.com","actor_via_sso":false,"log_type":"token"}	2025-08-19 09:07:01.909513+00	
00000000-0000-0000-0000-000000000000	358cbe5f-3024-490b-82f9-f7d2dacbeb24	{"action":"token_refreshed","actor_id":"1702ab10-9d97-45a4-9339-e1e4acff85b5","actor_username":"terumi.contact.web@gmail.com","actor_via_sso":false,"log_type":"token"}	2025-08-19 10:33:21.263587+00	
00000000-0000-0000-0000-000000000000	2dc76f56-a932-4363-b128-9d2fa9235516	{"action":"token_revoked","actor_id":"1702ab10-9d97-45a4-9339-e1e4acff85b5","actor_username":"terumi.contact.web@gmail.com","actor_via_sso":false,"log_type":"token"}	2025-08-19 10:33:21.265594+00	
00000000-0000-0000-0000-000000000000	d415d79e-92bc-4995-bf3d-90d3c94d6fa2	{"action":"token_refreshed","actor_id":"3b5b2498-86ed-4ed8-968d-b98a0e286c43","actor_username":"masha1219@hotmail.co.jp","actor_via_sso":false,"log_type":"token"}	2025-08-19 13:51:32.655031+00	
00000000-0000-0000-0000-000000000000	eddfa042-c44d-46af-bd09-df24afe51660	{"action":"token_revoked","actor_id":"3b5b2498-86ed-4ed8-968d-b98a0e286c43","actor_username":"masha1219@hotmail.co.jp","actor_via_sso":false,"log_type":"token"}	2025-08-19 13:51:32.658296+00	
00000000-0000-0000-0000-000000000000	f1e27e5c-d5b9-44ce-949f-2683684f3e9f	{"action":"token_refreshed","actor_id":"1702ab10-9d97-45a4-9339-e1e4acff85b5","actor_username":"terumi.contact.web@gmail.com","actor_via_sso":false,"log_type":"token"}	2025-08-19 14:16:40.747189+00	
00000000-0000-0000-0000-000000000000	11bfdd11-3b94-4f40-9830-ef1f2d282969	{"action":"token_revoked","actor_id":"1702ab10-9d97-45a4-9339-e1e4acff85b5","actor_username":"terumi.contact.web@gmail.com","actor_via_sso":false,"log_type":"token"}	2025-08-19 14:16:40.749722+00	
00000000-0000-0000-0000-000000000000	68c19976-5d68-47aa-bbc2-6ce66ec8d204	{"action":"logout","actor_id":"1702ab10-9d97-45a4-9339-e1e4acff85b5","actor_username":"terumi.contact.web@gmail.com","actor_via_sso":false,"log_type":"account"}	2025-08-19 14:16:45.311811+00	
00000000-0000-0000-0000-000000000000	cd0af7c8-15b4-41e3-b074-8609c52be4a9	{"action":"login","actor_id":"1702ab10-9d97-45a4-9339-e1e4acff85b5","actor_username":"terumi.contact.web@gmail.com","actor_via_sso":false,"log_type":"account","traits":{"provider":"email"}}	2025-08-19 14:22:10.402733+00	
00000000-0000-0000-0000-000000000000	e7fedb8f-4241-4d9d-9805-46cedc7e7197	{"action":"token_refreshed","actor_id":"3b5b2498-86ed-4ed8-968d-b98a0e286c43","actor_username":"masha1219@hotmail.co.jp","actor_via_sso":false,"log_type":"token"}	2025-08-19 15:43:26.994797+00	
00000000-0000-0000-0000-000000000000	44954b64-da62-493c-a0fb-1c50298f3b6b	{"action":"token_revoked","actor_id":"3b5b2498-86ed-4ed8-968d-b98a0e286c43","actor_username":"masha1219@hotmail.co.jp","actor_via_sso":false,"log_type":"token"}	2025-08-19 15:43:26.996236+00	
00000000-0000-0000-0000-000000000000	5ec4bb56-df52-42d6-a5b6-3e4a6972d106	{"action":"token_refreshed","actor_id":"5a245507-ee0b-424f-ab87-bee233346fb5","actor_username":"hajime.cookie@icloud.com","actor_via_sso":false,"log_type":"token"}	2025-08-20 06:52:28.48716+00	
00000000-0000-0000-0000-000000000000	1006575e-504c-4e60-b31e-f58a4f8e2b93	{"action":"token_revoked","actor_id":"5a245507-ee0b-424f-ab87-bee233346fb5","actor_username":"hajime.cookie@icloud.com","actor_via_sso":false,"log_type":"token"}	2025-08-20 06:52:28.49994+00	
00000000-0000-0000-0000-000000000000	38e2fcdd-be68-439f-a4fb-b9f58cc538f2	{"action":"token_refreshed","actor_id":"5a245507-ee0b-424f-ab87-bee233346fb5","actor_username":"hajime.cookie@icloud.com","actor_via_sso":false,"log_type":"token"}	2025-08-20 07:54:16.728295+00	
00000000-0000-0000-0000-000000000000	4a779368-d36f-4e4d-8008-b448f6c3043e	{"action":"token_revoked","actor_id":"5a245507-ee0b-424f-ab87-bee233346fb5","actor_username":"hajime.cookie@icloud.com","actor_via_sso":false,"log_type":"token"}	2025-08-20 07:54:16.73586+00	
00000000-0000-0000-0000-000000000000	3e368049-5bf6-4309-9988-c7c948dd6048	{"action":"token_refreshed","actor_id":"5a245507-ee0b-424f-ab87-bee233346fb5","actor_username":"hajime.cookie@icloud.com","actor_via_sso":false,"log_type":"token"}	2025-08-20 07:54:17.127312+00	
00000000-0000-0000-0000-000000000000	e5927cd7-7a8e-42da-a8b2-d36052ea6ab2	{"action":"token_refreshed","actor_id":"5a245507-ee0b-424f-ab87-bee233346fb5","actor_username":"hajime.cookie@icloud.com","actor_via_sso":false,"log_type":"token"}	2025-08-20 07:54:17.156316+00	
00000000-0000-0000-0000-000000000000	e517fb3e-d823-4bf8-a8b0-f49018838ef0	{"action":"token_refreshed","actor_id":"5a245507-ee0b-424f-ab87-bee233346fb5","actor_username":"hajime.cookie@icloud.com","actor_via_sso":false,"log_type":"token"}	2025-08-20 09:08:20.946579+00	
00000000-0000-0000-0000-000000000000	5b574744-c039-4b72-aaa1-571a7622be11	{"action":"token_revoked","actor_id":"5a245507-ee0b-424f-ab87-bee233346fb5","actor_username":"hajime.cookie@icloud.com","actor_via_sso":false,"log_type":"token"}	2025-08-20 09:08:20.953749+00	
00000000-0000-0000-0000-000000000000	3dc42466-6910-4f02-a906-1f650bd797b4	{"action":"token_refreshed","actor_id":"5a245507-ee0b-424f-ab87-bee233346fb5","actor_username":"hajime.cookie@icloud.com","actor_via_sso":false,"log_type":"token"}	2025-08-20 09:08:21.061445+00	
00000000-0000-0000-0000-000000000000	4a07bf4b-f215-4780-a774-2f05a752f13e	{"action":"token_refreshed","actor_id":"5a245507-ee0b-424f-ab87-bee233346fb5","actor_username":"hajime.cookie@icloud.com","actor_via_sso":false,"log_type":"token"}	2025-08-20 09:08:21.558825+00	
00000000-0000-0000-0000-000000000000	bdbb8af2-28be-4c53-a29c-78dec7150e3d	{"action":"token_refreshed","actor_id":"5a245507-ee0b-424f-ab87-bee233346fb5","actor_username":"hajime.cookie@icloud.com","actor_via_sso":false,"log_type":"token"}	2025-08-20 09:08:21.589943+00	
00000000-0000-0000-0000-000000000000	fb30c656-bf64-4a7b-a5c8-d754178e8879	{"action":"token_refreshed","actor_id":"5a245507-ee0b-424f-ab87-bee233346fb5","actor_username":"hajime.cookie@icloud.com","actor_via_sso":false,"log_type":"token"}	2025-08-20 09:08:21.60536+00	
00000000-0000-0000-0000-000000000000	e4904c08-a50b-45cd-8caf-8629be4b206a	{"action":"token_refreshed","actor_id":"5a245507-ee0b-424f-ab87-bee233346fb5","actor_username":"hajime.cookie@icloud.com","actor_via_sso":false,"log_type":"token"}	2025-08-20 09:08:21.622601+00	
00000000-0000-0000-0000-000000000000	6cd43ed9-28f9-4e91-92a6-60476de5b491	{"action":"token_refreshed","actor_id":"5a245507-ee0b-424f-ab87-bee233346fb5","actor_username":"hajime.cookie@icloud.com","actor_via_sso":false,"log_type":"token"}	2025-08-20 09:08:21.636492+00	
00000000-0000-0000-0000-000000000000	d184b0ce-7a3b-4552-9a89-2f4e4fb31ce3	{"action":"token_refreshed","actor_id":"5a245507-ee0b-424f-ab87-bee233346fb5","actor_username":"hajime.cookie@icloud.com","actor_via_sso":false,"log_type":"token"}	2025-08-20 09:08:21.650574+00	
00000000-0000-0000-0000-000000000000	36d62f82-1a6e-4ad9-bcd3-1072a57461ff	{"action":"token_refreshed","actor_id":"5a245507-ee0b-424f-ab87-bee233346fb5","actor_username":"hajime.cookie@icloud.com","actor_via_sso":false,"log_type":"token"}	2025-08-20 10:45:03.545052+00	
00000000-0000-0000-0000-000000000000	3774149b-57c3-4bfa-8cd6-170df067d4bc	{"action":"token_revoked","actor_id":"5a245507-ee0b-424f-ab87-bee233346fb5","actor_username":"hajime.cookie@icloud.com","actor_via_sso":false,"log_type":"token"}	2025-08-20 10:45:03.548593+00	
00000000-0000-0000-0000-000000000000	ae7da219-30e1-4ced-92e3-7035f1ca629e	{"action":"token_refreshed","actor_id":"3b5b2498-86ed-4ed8-968d-b98a0e286c43","actor_username":"masha1219@hotmail.co.jp","actor_via_sso":false,"log_type":"token"}	2025-08-20 11:48:35.529719+00	
00000000-0000-0000-0000-000000000000	ffbf332a-d465-4e9c-88f0-7e55de9f39c3	{"action":"token_revoked","actor_id":"3b5b2498-86ed-4ed8-968d-b98a0e286c43","actor_username":"masha1219@hotmail.co.jp","actor_via_sso":false,"log_type":"token"}	2025-08-20 11:48:35.534026+00	
00000000-0000-0000-0000-000000000000	d115a13e-69d8-4ed5-ae88-b54759eb42af	{"action":"user_confirmation_requested","actor_id":"087141c9-1142-4d55-b819-658334dbc626","actor_username":"rambling.rose.hajime@gmail.com","actor_via_sso":false,"log_type":"user","traits":{"provider":"email"}}	2025-08-21 02:23:48.629893+00	
00000000-0000-0000-0000-000000000000	a4be002d-dfe6-4a5f-8f65-114d0a15e5a1	{"action":"user_signedup","actor_id":"087141c9-1142-4d55-b819-658334dbc626","actor_username":"rambling.rose.hajime@gmail.com","actor_via_sso":false,"log_type":"team","traits":{"provider":"email"}}	2025-08-21 02:29:41.989151+00	
00000000-0000-0000-0000-000000000000	93210473-baaf-403d-8ec1-bce6ea7302f7	{"action":"login","actor_id":"087141c9-1142-4d55-b819-658334dbc626","actor_username":"rambling.rose.hajime@gmail.com","actor_via_sso":false,"log_type":"account","traits":{"provider":"email"}}	2025-08-21 02:30:08.748409+00	
00000000-0000-0000-0000-000000000000	4fb72ecf-037c-442b-9688-f9b34aaf8d2a	{"action":"token_refreshed","actor_id":"087141c9-1142-4d55-b819-658334dbc626","actor_username":"rambling.rose.hajime@gmail.com","actor_via_sso":false,"log_type":"token"}	2025-08-21 03:35:10.369226+00	
00000000-0000-0000-0000-000000000000	00fdaf87-b1ea-4ef4-8d66-2ed09f13399f	{"action":"token_revoked","actor_id":"087141c9-1142-4d55-b819-658334dbc626","actor_username":"rambling.rose.hajime@gmail.com","actor_via_sso":false,"log_type":"token"}	2025-08-21 03:35:10.37191+00	
00000000-0000-0000-0000-000000000000	3bc89691-1450-4c55-a3bd-4edb02db287e	{"action":"token_refreshed","actor_id":"087141c9-1142-4d55-b819-658334dbc626","actor_username":"rambling.rose.hajime@gmail.com","actor_via_sso":false,"log_type":"token"}	2025-08-21 07:22:24.737751+00	
00000000-0000-0000-0000-000000000000	c9eb57a7-8c14-49f1-bece-6b1344cd8cf4	{"action":"token_revoked","actor_id":"087141c9-1142-4d55-b819-658334dbc626","actor_username":"rambling.rose.hajime@gmail.com","actor_via_sso":false,"log_type":"token"}	2025-08-21 07:22:24.747441+00	
00000000-0000-0000-0000-000000000000	e8e3b492-b028-4681-ac2e-78379cab87fa	{"action":"token_refreshed","actor_id":"5a245507-ee0b-424f-ab87-bee233346fb5","actor_username":"hajime.cookie@icloud.com","actor_via_sso":false,"log_type":"token"}	2025-08-22 08:15:56.000356+00	
00000000-0000-0000-0000-000000000000	a75f0fe6-903d-45b5-bcba-7760f28ec1bd	{"action":"token_revoked","actor_id":"5a245507-ee0b-424f-ab87-bee233346fb5","actor_username":"hajime.cookie@icloud.com","actor_via_sso":false,"log_type":"token"}	2025-08-22 08:15:56.01972+00	
00000000-0000-0000-0000-000000000000	0818bc5d-ed66-4932-aadf-6fd5d60f6629	{"action":"token_refreshed","actor_id":"cf4c8052-b87b-41f8-90bd-4ff01118ab18","actor_username":"annya200279@gmail.com","actor_via_sso":false,"log_type":"token"}	2025-08-22 11:07:48.745111+00	
00000000-0000-0000-0000-000000000000	4461ab08-09b3-4303-ace4-fe7359f6fc73	{"action":"token_revoked","actor_id":"cf4c8052-b87b-41f8-90bd-4ff01118ab18","actor_username":"annya200279@gmail.com","actor_via_sso":false,"log_type":"token"}	2025-08-22 11:07:48.749423+00	
00000000-0000-0000-0000-000000000000	876d2782-6146-429f-b377-805a1cab86c4	{"action":"token_refreshed","actor_id":"cf4c8052-b87b-41f8-90bd-4ff01118ab18","actor_username":"annya200279@gmail.com","actor_via_sso":false,"log_type":"token"}	2025-08-22 15:53:13.2958+00	
00000000-0000-0000-0000-000000000000	bb0b82e5-8766-4f99-a035-e66c29abdb88	{"action":"token_revoked","actor_id":"cf4c8052-b87b-41f8-90bd-4ff01118ab18","actor_username":"annya200279@gmail.com","actor_via_sso":false,"log_type":"token"}	2025-08-22 15:53:13.301067+00	
00000000-0000-0000-0000-000000000000	579cbd94-8a82-480d-8576-3935874d7404	{"action":"token_refreshed","actor_id":"cf4c8052-b87b-41f8-90bd-4ff01118ab18","actor_username":"annya200279@gmail.com","actor_via_sso":false,"log_type":"token"}	2025-08-23 08:02:52.896102+00	
00000000-0000-0000-0000-000000000000	72dee238-86f7-4b63-adfe-d848ddb0a428	{"action":"token_revoked","actor_id":"cf4c8052-b87b-41f8-90bd-4ff01118ab18","actor_username":"annya200279@gmail.com","actor_via_sso":false,"log_type":"token"}	2025-08-23 08:02:52.920286+00	
00000000-0000-0000-0000-000000000000	5006a91f-a96a-41f2-8f51-1d720d14fe7d	{"action":"user_deleted","actor_id":"00000000-0000-0000-0000-000000000000","actor_username":"service_role","actor_via_sso":false,"log_type":"team","traits":{"user_email":"editer@example.com","user_id":"8508449f-fd28-4c23-867a-bf8b5649aea9","user_phone":""}}	2025-08-23 08:53:18.69865+00	
00000000-0000-0000-0000-000000000000	093d0970-029f-4a8a-a3ed-2b4bcc4e7a16	{"action":"user_signedup","actor_id":"00000000-0000-0000-0000-000000000000","actor_username":"service_role","actor_via_sso":false,"log_type":"team","traits":{"provider":"email","user_email":"editer@test.local","user_id":"3e79da44-bdb3-4518-9651-6cca4bf1d4e8","user_phone":""}}	2025-08-23 08:53:43.31247+00	
00000000-0000-0000-0000-000000000000	7b10357a-d9ea-4d0e-af8c-aa1b4d3342b2	{"action":"login","actor_id":"3e79da44-bdb3-4518-9651-6cca4bf1d4e8","actor_username":"editer@test.local","actor_via_sso":false,"log_type":"account","traits":{"provider":"email"}}	2025-08-23 08:53:59.756086+00	
00000000-0000-0000-0000-000000000000	979183d4-c3a7-4cb7-8d1a-9b4b65ef4573	{"action":"logout","actor_id":"3e79da44-bdb3-4518-9651-6cca4bf1d4e8","actor_username":"editer@test.local","actor_via_sso":false,"log_type":"account"}	2025-08-23 08:54:00.120182+00	
00000000-0000-0000-0000-000000000000	85390bed-b582-44f5-92aa-409916e655d6	{"action":"login","actor_id":"3e79da44-bdb3-4518-9651-6cca4bf1d4e8","actor_username":"editer@test.local","actor_via_sso":false,"log_type":"account","traits":{"provider":"email"}}	2025-08-23 08:54:22.127476+00	
00000000-0000-0000-0000-000000000000	d526d4b4-4b16-4336-93b2-e1f6060c46ce	{"action":"user_invited","actor_id":"00000000-0000-0000-0000-000000000000","actor_username":"service_role","actor_via_sso":false,"log_type":"team","traits":{"user_email":"test-1755941280769@example.com","user_id":"e3198210-00b9-4e69-89b0-33db4c4c5655"}}	2025-08-23 09:28:00.826972+00	
00000000-0000-0000-0000-000000000000	41db846d-bc7c-460d-89ed-aec17b0e3698	{"action":"user_invited","actor_id":"00000000-0000-0000-0000-000000000000","actor_username":"service_role","actor_via_sso":false,"log_type":"team","traits":{"user_email":"test-1755941550071@example.com","user_id":"d9c9e2c6-d11a-4891-908c-10c7a3edd5cf"}}	2025-08-23 09:32:30.105373+00	
00000000-0000-0000-0000-000000000000	c45a5522-82ad-4a8b-8f46-c4a9e9581f25	{"action":"login","actor_id":"3e79da44-bdb3-4518-9651-6cca4bf1d4e8","actor_username":"editer@test.local","actor_via_sso":false,"log_type":"account","traits":{"provider":"email"}}	2025-08-23 09:44:19.966463+00	
00000000-0000-0000-0000-000000000000	989790c0-98d3-48ab-972c-f1ac49bb56d2	{"action":"token_refreshed","actor_id":"3e79da44-bdb3-4518-9651-6cca4bf1d4e8","actor_username":"editer@test.local","actor_via_sso":false,"log_type":"token"}	2025-08-23 10:00:16.26165+00	
00000000-0000-0000-0000-000000000000	895dc9a8-ff08-48d8-b1b7-cd08cf5103d8	{"action":"token_revoked","actor_id":"3e79da44-bdb3-4518-9651-6cca4bf1d4e8","actor_username":"editer@test.local","actor_via_sso":false,"log_type":"token"}	2025-08-23 10:00:16.26383+00	
00000000-0000-0000-0000-000000000000	b5539bbd-55ae-4418-954f-40bc6014ad50	{"action":"token_refreshed","actor_id":"3e79da44-bdb3-4518-9651-6cca4bf1d4e8","actor_username":"editer@test.local","actor_via_sso":false,"log_type":"token"}	2025-08-23 11:13:02.15377+00	
00000000-0000-0000-0000-000000000000	a5517026-802b-4f24-a02d-27ab03d63ed9	{"action":"token_revoked","actor_id":"3e79da44-bdb3-4518-9651-6cca4bf1d4e8","actor_username":"editer@test.local","actor_via_sso":false,"log_type":"token"}	2025-08-23 11:13:02.159846+00	
00000000-0000-0000-0000-000000000000	bfc24733-4b28-4fc0-be66-18d781944b08	{"action":"logout","actor_id":"3e79da44-bdb3-4518-9651-6cca4bf1d4e8","actor_username":"editer@test.local","actor_via_sso":false,"log_type":"account"}	2025-08-23 11:32:43.597253+00	
00000000-0000-0000-0000-000000000000	dfa0a0fe-5b50-4c71-b15e-de3df82eadfc	{"action":"login","actor_id":"1702ab10-9d97-45a4-9339-e1e4acff85b5","actor_username":"terumi.contact.web@gmail.com","actor_via_sso":false,"log_type":"account","traits":{"provider":"email"}}	2025-08-24 08:58:42.701744+00	
00000000-0000-0000-0000-000000000000	2c5330ba-62d4-4398-bf4a-97ed55e36edb	{"action":"logout","actor_id":"1702ab10-9d97-45a4-9339-e1e4acff85b5","actor_username":"terumi.contact.web@gmail.com","actor_via_sso":false,"log_type":"account"}	2025-08-24 08:59:13.752127+00	
00000000-0000-0000-0000-000000000000	20271e2f-2c27-4177-821e-8e2e578ee883	{"action":"user_confirmation_requested","actor_id":"86e9a35f-b642-4a3d-bd85-d8c4eea729cc","actor_username":"terumikawano@gmail.com","actor_via_sso":false,"log_type":"user","traits":{"provider":"email"}}	2025-08-24 09:17:45.644461+00	
00000000-0000-0000-0000-000000000000	ccaa6d7c-1769-43b6-8ac1-12a50f4205ae	{"action":"user_signedup","actor_id":"86e9a35f-b642-4a3d-bd85-d8c4eea729cc","actor_username":"terumikawano@gmail.com","actor_via_sso":false,"log_type":"team","traits":{"provider":"email"}}	2025-08-24 09:19:40.703248+00	
00000000-0000-0000-0000-000000000000	996a4e27-677f-401f-8c32-f6a481c13f81	{"action":"login","actor_id":"86e9a35f-b642-4a3d-bd85-d8c4eea729cc","actor_username":"terumikawano@gmail.com","actor_via_sso":false,"log_type":"account","traits":{"provider":"email"}}	2025-08-24 09:19:46.905674+00	
00000000-0000-0000-0000-000000000000	3836cc12-9113-4d99-ad15-fc9033804cab	{"action":"token_refreshed","actor_id":"cf4c8052-b87b-41f8-90bd-4ff01118ab18","actor_username":"annya200279@gmail.com","actor_via_sso":false,"log_type":"token"}	2025-08-24 09:55:59.540648+00	
00000000-0000-0000-0000-000000000000	99b365a1-87bc-4929-9aab-d4eac9e3faaf	{"action":"token_revoked","actor_id":"cf4c8052-b87b-41f8-90bd-4ff01118ab18","actor_username":"annya200279@gmail.com","actor_via_sso":false,"log_type":"token"}	2025-08-24 09:55:59.5433+00	
00000000-0000-0000-0000-000000000000	ecc1163e-2340-49f7-b81c-7a8e1cbc7cfc	{"action":"logout","actor_id":"cf4c8052-b87b-41f8-90bd-4ff01118ab18","actor_username":"annya200279@gmail.com","actor_via_sso":false,"log_type":"account"}	2025-08-24 09:56:07.014164+00	
00000000-0000-0000-0000-000000000000	2661fc7f-f95b-472c-ad07-b3bb168c21ef	{"action":"login","actor_id":"cf4c8052-b87b-41f8-90bd-4ff01118ab18","actor_username":"annya200279@gmail.com","actor_via_sso":false,"log_type":"account","traits":{"provider":"email"}}	2025-08-24 09:56:11.919976+00	
00000000-0000-0000-0000-000000000000	aa0a2c3e-1067-4ea8-a874-83054d2f0724	{"action":"token_refreshed","actor_id":"3b5b2498-86ed-4ed8-968d-b98a0e286c43","actor_username":"masha1219@hotmail.co.jp","actor_via_sso":false,"log_type":"token"}	2025-08-25 05:42:37.780582+00	
00000000-0000-0000-0000-000000000000	dd6117e0-addd-4c65-aad6-5f13e9ebb0cf	{"action":"token_revoked","actor_id":"3b5b2498-86ed-4ed8-968d-b98a0e286c43","actor_username":"masha1219@hotmail.co.jp","actor_via_sso":false,"log_type":"token"}	2025-08-25 05:42:37.792046+00	
00000000-0000-0000-0000-000000000000	0142b29d-ae99-4865-9391-d21e860cd2ae	{"action":"user_confirmation_requested","actor_id":"a7ccec28-814b-498e-97a6-b4a764c09a7f","actor_username":"cloud.creator.lab@gmail.com","actor_via_sso":false,"log_type":"user","traits":{"provider":"email"}}	2025-08-25 05:52:00.951809+00	
00000000-0000-0000-0000-000000000000	3c594188-d6d6-46d3-98d5-669881c1657e	{"action":"user_deleted","actor_id":"00000000-0000-0000-0000-000000000000","actor_username":"service_role","actor_via_sso":false,"log_type":"team","traits":{"user_email":"cloud.creator.lab@gmail.com","user_id":"a7ccec28-814b-498e-97a6-b4a764c09a7f","user_phone":""}}	2025-08-25 05:54:18.57669+00	
00000000-0000-0000-0000-000000000000	8c5d4396-fd95-4661-83fc-fe69a973d65d	{"action":"user_deleted","actor_id":"00000000-0000-0000-0000-000000000000","actor_username":"service_role","actor_via_sso":false,"log_type":"team","traits":{"user_email":"terumikawano@gmail.com","user_id":"86e9a35f-b642-4a3d-bd85-d8c4eea729cc","user_phone":""}}	2025-08-25 05:54:22.758448+00	
00000000-0000-0000-0000-000000000000	7171c177-d4d4-41f9-b109-31a52cce055f	{"action":"user_confirmation_requested","actor_id":"42c1f520-6e63-4c4b-b626-9d8c2880efa8","actor_username":"cloud.creator.lab@gmail.com","actor_via_sso":false,"log_type":"user","traits":{"provider":"email"}}	2025-08-25 05:54:30.762873+00	
00000000-0000-0000-0000-000000000000	1c5d5756-2e55-4b8c-ad40-a548c6c0bfb8	{"action":"user_deleted","actor_id":"00000000-0000-0000-0000-000000000000","actor_username":"service_role","actor_via_sso":false,"log_type":"team","traits":{"user_email":"cloud.creator.lab@gmail.com","user_id":"42c1f520-6e63-4c4b-b626-9d8c2880efa8","user_phone":""}}	2025-08-25 05:57:00.221576+00	
00000000-0000-0000-0000-000000000000	d1ac5038-a715-4540-a8bf-9309c330b604	{"action":"user_confirmation_requested","actor_id":"41c66b27-f9a5-4a86-a6c1-84118baa1abd","actor_username":"cloud.creator.lab@gmail.com","actor_via_sso":false,"log_type":"user","traits":{"provider":"email"}}	2025-08-25 05:57:19.63918+00	
00000000-0000-0000-0000-000000000000	4dc40b11-2b14-4937-98d7-60ed2944df28	{"action":"user_signedup","actor_id":"41c66b27-f9a5-4a86-a6c1-84118baa1abd","actor_username":"cloud.creator.lab@gmail.com","actor_via_sso":false,"log_type":"team","traits":{"provider":"email"}}	2025-08-25 05:58:12.572974+00	
00000000-0000-0000-0000-000000000000	482ae217-4cbf-4732-af25-3ef31ed767fd	{"action":"login","actor_id":"41c66b27-f9a5-4a86-a6c1-84118baa1abd","actor_username":"cloud.creator.lab@gmail.com","actor_via_sso":false,"log_type":"account","traits":{"provider":"email"}}	2025-08-25 05:58:25.566545+00	
00000000-0000-0000-0000-000000000000	13a8f775-9321-452f-b001-ac36deeaa6c2	{"action":"login","actor_id":"3e79da44-bdb3-4518-9651-6cca4bf1d4e8","actor_username":"editer@test.local","actor_via_sso":false,"log_type":"account","traits":{"provider":"email"}}	2025-08-26 15:24:55.663252+00	
00000000-0000-0000-0000-000000000000	8126436b-9811-44cb-9cfa-5c02dadf7a8d	{"action":"login","actor_id":"3e79da44-bdb3-4518-9651-6cca4bf1d4e8","actor_username":"editer@test.local","actor_via_sso":false,"log_type":"account","traits":{"provider":"email"}}	2025-08-26 15:38:39.333149+00	
00000000-0000-0000-0000-000000000000	d7928e5f-954d-449c-9dcf-1009e2ce9169	{"action":"login","actor_id":"3e79da44-bdb3-4518-9651-6cca4bf1d4e8","actor_username":"editer@test.local","actor_via_sso":false,"log_type":"account","traits":{"provider":"email"}}	2025-08-27 11:07:34.753328+00	
00000000-0000-0000-0000-000000000000	bc634c9b-df9c-44ac-8f33-e2eb04c15e3b	{"action":"logout","actor_id":"3e79da44-bdb3-4518-9651-6cca4bf1d4e8","actor_username":"editer@test.local","actor_via_sso":false,"log_type":"account"}	2025-08-27 11:07:53.522811+00	
00000000-0000-0000-0000-000000000000	68ca9939-35b4-432a-aa10-45fe543e2f98	{"action":"login","actor_id":"3e79da44-bdb3-4518-9651-6cca4bf1d4e8","actor_username":"editer@test.local","actor_via_sso":false,"log_type":"account","traits":{"provider":"email"}}	2025-08-27 11:27:34.851655+00	
00000000-0000-0000-0000-000000000000	b8ade6c5-90e9-4422-b65a-793442d7241f	{"action":"login","actor_id":"cf4c8052-b87b-41f8-90bd-4ff01118ab18","actor_username":"annya200279@gmail.com","actor_via_sso":false,"log_type":"account","traits":{"provider":"email"}}	2025-08-27 11:31:58.59527+00	
00000000-0000-0000-0000-000000000000	23bb1046-bdb6-45db-a87a-77957b967f26	{"action":"login","actor_id":"3e79da44-bdb3-4518-9651-6cca4bf1d4e8","actor_username":"editer@test.local","actor_via_sso":false,"log_type":"account","traits":{"provider":"email"}}	2025-08-27 11:59:31.059478+00	
00000000-0000-0000-0000-000000000000	3271ff3a-0b1a-464e-9dea-ca177db285ec	{"action":"user_invited","actor_id":"00000000-0000-0000-0000-000000000000","actor_username":"service_role","actor_via_sso":false,"log_type":"team","traits":{"user_email":"test-1756296126412@example.com","user_id":"bdc24229-f810-4d69-a1e1-7a9b476be9ad"}}	2025-08-27 12:02:01.162609+00	
00000000-0000-0000-0000-000000000000	36d2e71e-94b0-4604-bf5d-be3bd480d6a3	{"action":"login","actor_id":"3e79da44-bdb3-4518-9651-6cca4bf1d4e8","actor_username":"editer@test.local","actor_via_sso":false,"log_type":"account","traits":{"provider":"email"}}	2025-08-27 12:18:32.723482+00	
00000000-0000-0000-0000-000000000000	79f11b50-612c-47b4-9677-51faf7bb493b	{"action":"login","actor_id":"3e79da44-bdb3-4518-9651-6cca4bf1d4e8","actor_username":"editer@test.local","actor_via_sso":false,"log_type":"account","traits":{"provider":"email"}}	2025-08-27 12:29:00.858318+00	
00000000-0000-0000-0000-000000000000	7f4b10ac-f347-49fd-8df3-9701d04fd40e	{"action":"user_deleted","actor_id":"00000000-0000-0000-0000-000000000000","actor_username":"service_role","actor_via_sso":false,"log_type":"team","traits":{"user_email":"test-1755941550071@example.com","user_id":"d9c9e2c6-d11a-4891-908c-10c7a3edd5cf","user_phone":""}}	2025-08-27 12:29:48.69959+00	
00000000-0000-0000-0000-000000000000	9dc439ff-51d1-410b-8fb6-d26cd3fcd2fe	{"action":"user_deleted","actor_id":"00000000-0000-0000-0000-000000000000","actor_username":"service_role","actor_via_sso":false,"log_type":"team","traits":{"user_email":"test-1755941280769@example.com","user_id":"e3198210-00b9-4e69-89b0-33db4c4c5655","user_phone":""}}	2025-08-27 12:29:48.731518+00	
00000000-0000-0000-0000-000000000000	a0a4faa4-455e-4691-948a-c6224a3248b6	{"action":"user_deleted","actor_id":"00000000-0000-0000-0000-000000000000","actor_username":"service_role","actor_via_sso":false,"log_type":"team","traits":{"user_email":"test-1756296126412@example.com","user_id":"bdc24229-f810-4d69-a1e1-7a9b476be9ad","user_phone":""}}	2025-08-27 12:29:48.756329+00	
00000000-0000-0000-0000-000000000000	66b3ba61-75a2-4af9-81c8-904e85fd2d72	{"action":"user_deleted","actor_id":"00000000-0000-0000-0000-000000000000","actor_username":"service_role","actor_via_sso":false,"log_type":"team","traits":{"user_email":"terumi.contact.web@gmail.com","user_id":"1702ab10-9d97-45a4-9339-e1e4acff85b5","user_phone":""}}	2025-08-27 12:30:03.475418+00	
00000000-0000-0000-0000-000000000000	93d96172-7024-421d-99b3-dddf1281c285	{"action":"user_deleted","actor_id":"00000000-0000-0000-0000-000000000000","actor_username":"service_role","actor_via_sso":false,"log_type":"team","traits":{"user_email":"cloud.creator.lab@gmail.com","user_id":"41c66b27-f9a5-4a86-a6c1-84118baa1abd","user_phone":""}}	2025-08-27 12:30:03.48388+00	
00000000-0000-0000-0000-000000000000	33bfcd40-ddca-4d76-8f5b-b36c6794e11b	{"action":"user_deleted","actor_id":"00000000-0000-0000-0000-000000000000","actor_username":"service_role","actor_via_sso":false,"log_type":"team","traits":{"user_email":"test@example.com","user_id":"f0daeda1-1dd5-428e-ad3f-9ec98f7ea8d9","user_phone":""}}	2025-08-27 12:30:03.506369+00	
00000000-0000-0000-0000-000000000000	3d6068b2-a9dd-4f8a-929c-1d335ae7b2a2	{"action":"token_refreshed","actor_id":"cf4c8052-b87b-41f8-90bd-4ff01118ab18","actor_username":"annya200279@gmail.com","actor_via_sso":false,"log_type":"token"}	2025-08-27 13:32:02.25242+00	
00000000-0000-0000-0000-000000000000	7bd5e964-c2b1-4705-8ce9-152b667a98b4	{"action":"token_revoked","actor_id":"cf4c8052-b87b-41f8-90bd-4ff01118ab18","actor_username":"annya200279@gmail.com","actor_via_sso":false,"log_type":"token"}	2025-08-27 13:32:02.255288+00	
00000000-0000-0000-0000-000000000000	5d40557d-ad62-4fb6-8a18-bed3a65be408	{"action":"login","actor_id":"3e79da44-bdb3-4518-9651-6cca4bf1d4e8","actor_username":"editer@test.local","actor_via_sso":false,"log_type":"account","traits":{"provider":"email"}}	2025-08-27 17:11:10.62476+00	
00000000-0000-0000-0000-000000000000	a274f282-1b4d-4b2d-9d51-16a5bab16147	{"action":"token_refreshed","actor_id":"cf4c8052-b87b-41f8-90bd-4ff01118ab18","actor_username":"annya200279@gmail.com","actor_via_sso":false,"log_type":"token"}	2025-08-27 17:13:03.399694+00	
00000000-0000-0000-0000-000000000000	e97283a6-7528-4d76-8a92-73064b8a92c1	{"action":"token_revoked","actor_id":"cf4c8052-b87b-41f8-90bd-4ff01118ab18","actor_username":"annya200279@gmail.com","actor_via_sso":false,"log_type":"token"}	2025-08-27 17:13:03.404278+00	
00000000-0000-0000-0000-000000000000	e752b959-0567-4273-b728-ab78a52df0a4	{"action":"token_refreshed","actor_id":"3b5b2498-86ed-4ed8-968d-b98a0e286c43","actor_username":"masha1219@hotmail.co.jp","actor_via_sso":false,"log_type":"token"}	2025-08-30 03:26:21.474625+00	
00000000-0000-0000-0000-000000000000	0c3ff85e-6499-495c-8f70-a702ede80bda	{"action":"token_revoked","actor_id":"3b5b2498-86ed-4ed8-968d-b98a0e286c43","actor_username":"masha1219@hotmail.co.jp","actor_via_sso":false,"log_type":"token"}	2025-08-30 03:26:21.486402+00	
00000000-0000-0000-0000-000000000000	faefccd6-46d6-43ac-956a-3490e4d157d3	{"action":"token_refreshed","actor_id":"cf4c8052-b87b-41f8-90bd-4ff01118ab18","actor_username":"annya200279@gmail.com","actor_via_sso":false,"log_type":"token"}	2025-08-30 08:00:09.85871+00	
00000000-0000-0000-0000-000000000000	590efaa6-b549-4b54-9312-d88779e4940d	{"action":"token_revoked","actor_id":"cf4c8052-b87b-41f8-90bd-4ff01118ab18","actor_username":"annya200279@gmail.com","actor_via_sso":false,"log_type":"token"}	2025-08-30 08:00:09.866411+00	
00000000-0000-0000-0000-000000000000	98a60f5c-e0b5-48d2-8e11-240ad4f6f40e	{"action":"token_refreshed","actor_id":"3b5b2498-86ed-4ed8-968d-b98a0e286c43","actor_username":"masha1219@hotmail.co.jp","actor_via_sso":false,"log_type":"token"}	2025-08-30 09:37:16.681158+00	
00000000-0000-0000-0000-000000000000	c0d64b61-4be6-4858-a265-3d878543d330	{"action":"token_revoked","actor_id":"3b5b2498-86ed-4ed8-968d-b98a0e286c43","actor_username":"masha1219@hotmail.co.jp","actor_via_sso":false,"log_type":"token"}	2025-08-30 09:37:16.685748+00	
00000000-0000-0000-0000-000000000000	04d7cc6b-17a0-4236-9109-3520daa71227	{"action":"token_refreshed","actor_id":"cf4c8052-b87b-41f8-90bd-4ff01118ab18","actor_username":"annya200279@gmail.com","actor_via_sso":false,"log_type":"token"}	2025-09-01 14:29:11.82319+00	
00000000-0000-0000-0000-000000000000	b718dac2-ecdd-486f-a9b5-f6976fdd093a	{"action":"token_revoked","actor_id":"cf4c8052-b87b-41f8-90bd-4ff01118ab18","actor_username":"annya200279@gmail.com","actor_via_sso":false,"log_type":"token"}	2025-09-01 14:29:11.836151+00	
00000000-0000-0000-0000-000000000000	8fab868a-2f40-4585-a1d4-884844cde9a7	{"action":"login","actor_id":"cf4c8052-b87b-41f8-90bd-4ff01118ab18","actor_username":"annya200279@gmail.com","actor_via_sso":false,"log_type":"account","traits":{"provider":"email"}}	2025-09-01 14:31:03.296199+00	
00000000-0000-0000-0000-000000000000	57646536-5879-46f1-8072-407a7c293aef	{"action":"login","actor_id":"cf4c8052-b87b-41f8-90bd-4ff01118ab18","actor_username":"annya200279@gmail.com","actor_via_sso":false,"log_type":"account","traits":{"provider":"email"}}	2025-09-01 14:31:05.955465+00	
00000000-0000-0000-0000-000000000000	d9d70a9c-baed-4278-9f4b-63072a10d97c	{"action":"login","actor_id":"cf4c8052-b87b-41f8-90bd-4ff01118ab18","actor_username":"annya200279@gmail.com","actor_via_sso":false,"log_type":"account","traits":{"provider":"email"}}	2025-09-01 14:31:07.54476+00	
00000000-0000-0000-0000-000000000000	863c97ff-7031-4699-b58a-78157a236274	{"action":"token_refreshed","actor_id":"cf4c8052-b87b-41f8-90bd-4ff01118ab18","actor_username":"annya200279@gmail.com","actor_via_sso":false,"log_type":"token"}	2025-09-01 15:41:23.557912+00	
00000000-0000-0000-0000-000000000000	8d3d6a34-c226-4658-8287-19724c754a2b	{"action":"token_revoked","actor_id":"cf4c8052-b87b-41f8-90bd-4ff01118ab18","actor_username":"annya200279@gmail.com","actor_via_sso":false,"log_type":"token"}	2025-09-01 15:41:23.56057+00	
00000000-0000-0000-0000-000000000000	961eccbd-a43f-4d1c-b13d-4754973b7c4a	{"action":"token_refreshed","actor_id":"cf4c8052-b87b-41f8-90bd-4ff01118ab18","actor_username":"annya200279@gmail.com","actor_via_sso":false,"log_type":"token"}	2025-09-04 08:41:06.276071+00	
00000000-0000-0000-0000-000000000000	b0f08877-dfa3-4ab9-89cf-f9ec55d6bc74	{"action":"token_revoked","actor_id":"cf4c8052-b87b-41f8-90bd-4ff01118ab18","actor_username":"annya200279@gmail.com","actor_via_sso":false,"log_type":"token"}	2025-09-04 08:41:06.304029+00	
00000000-0000-0000-0000-000000000000	fe82385a-3188-4214-bcfa-8baaf9546d95	{"action":"token_refreshed","actor_id":"cf4c8052-b87b-41f8-90bd-4ff01118ab18","actor_username":"annya200279@gmail.com","actor_via_sso":false,"log_type":"token"}	2025-09-04 11:05:32.972886+00	
00000000-0000-0000-0000-000000000000	c19535b0-7c7d-4437-a452-ee5e3fb1fbbe	{"action":"token_revoked","actor_id":"cf4c8052-b87b-41f8-90bd-4ff01118ab18","actor_username":"annya200279@gmail.com","actor_via_sso":false,"log_type":"token"}	2025-09-04 11:05:32.97519+00	
00000000-0000-0000-0000-000000000000	ce61a57a-993e-4ce4-90a9-e5720fb3b604	{"action":"logout","actor_id":"cf4c8052-b87b-41f8-90bd-4ff01118ab18","actor_username":"annya200279@gmail.com","actor_via_sso":false,"log_type":"account"}	2025-09-04 11:14:22.745024+00	
00000000-0000-0000-0000-000000000000	429b0b54-9ca9-43f9-955b-2273769017fc	{"action":"login","actor_id":"cf4c8052-b87b-41f8-90bd-4ff01118ab18","actor_username":"annya200279@gmail.com","actor_via_sso":false,"log_type":"account","traits":{"provider":"email"}}	2025-09-04 11:18:00.017765+00	
00000000-0000-0000-0000-000000000000	55c01383-e26c-4bf3-a4b8-d34c39bbdb54	{"action":"token_refreshed","actor_id":"3e79da44-bdb3-4518-9651-6cca4bf1d4e8","actor_username":"editer@test.local","actor_via_sso":false,"log_type":"token"}	2025-09-05 12:51:32.823209+00	
00000000-0000-0000-0000-000000000000	a0d0fd32-d21c-4f01-854d-97fbe4081852	{"action":"token_revoked","actor_id":"3e79da44-bdb3-4518-9651-6cca4bf1d4e8","actor_username":"editer@test.local","actor_via_sso":false,"log_type":"token"}	2025-09-05 12:51:32.840838+00	
00000000-0000-0000-0000-000000000000	3639728b-b4a4-49c1-b28a-f2fe41de5630	{"action":"logout","actor_id":"3e79da44-bdb3-4518-9651-6cca4bf1d4e8","actor_username":"editer@test.local","actor_via_sso":false,"log_type":"account"}	2025-09-05 12:51:52.512345+00	
00000000-0000-0000-0000-000000000000	cf8d6d62-0d9b-40d9-902e-c92bf3b1815e	{"action":"token_refreshed","actor_id":"3b5b2498-86ed-4ed8-968d-b98a0e286c43","actor_username":"masha1219@hotmail.co.jp","actor_via_sso":false,"log_type":"token"}	2025-09-05 14:41:02.364995+00	
00000000-0000-0000-0000-000000000000	5553fd5e-0cb5-44d7-b19f-271fcfe0a9ea	{"action":"token_revoked","actor_id":"3b5b2498-86ed-4ed8-968d-b98a0e286c43","actor_username":"masha1219@hotmail.co.jp","actor_via_sso":false,"log_type":"token"}	2025-09-05 14:41:02.372322+00	
00000000-0000-0000-0000-000000000000	15f110f4-68f0-4927-9f17-9afbdf501c26	{"action":"login","actor_id":"3e79da44-bdb3-4518-9651-6cca4bf1d4e8","actor_username":"editer@test.local","actor_via_sso":false,"log_type":"account","traits":{"provider":"email"}}	2025-09-06 10:09:22.346866+00	
00000000-0000-0000-0000-000000000000	c6e6cfb2-7017-487a-a9ee-61b5a962e8d1	{"action":"login","actor_id":"3e79da44-bdb3-4518-9651-6cca4bf1d4e8","actor_username":"editer@test.local","actor_via_sso":false,"log_type":"account","traits":{"provider":"email"}}	2025-09-06 10:19:08.969302+00	
00000000-0000-0000-0000-000000000000	587f6e3c-194e-45f2-a06f-7b04d94cd9b4	{"action":"token_refreshed","actor_id":"3e79da44-bdb3-4518-9651-6cca4bf1d4e8","actor_username":"editer@test.local","actor_via_sso":false,"log_type":"token"}	2025-09-06 11:15:13.678899+00	
00000000-0000-0000-0000-000000000000	0010b3a4-bfc9-4f6e-9e0c-4ad98229748f	{"action":"token_revoked","actor_id":"3e79da44-bdb3-4518-9651-6cca4bf1d4e8","actor_username":"editer@test.local","actor_via_sso":false,"log_type":"token"}	2025-09-06 11:15:13.68292+00	
00000000-0000-0000-0000-000000000000	5ae364e6-93bd-4c68-9fa7-7d4234fedb27	{"action":"token_refreshed","actor_id":"3e79da44-bdb3-4518-9651-6cca4bf1d4e8","actor_username":"editer@test.local","actor_via_sso":false,"log_type":"token"}	2025-09-06 11:15:13.709599+00	
00000000-0000-0000-0000-000000000000	921ce3f6-5024-4e2c-a9cc-627ceb825569	{"action":"token_refreshed","actor_id":"3e79da44-bdb3-4518-9651-6cca4bf1d4e8","actor_username":"editer@test.local","actor_via_sso":false,"log_type":"token"}	2025-09-06 11:15:13.722231+00	
00000000-0000-0000-0000-000000000000	331a641e-6a2d-4c32-80d5-c8d654decbdc	{"action":"token_refreshed","actor_id":"3e79da44-bdb3-4518-9651-6cca4bf1d4e8","actor_username":"editer@test.local","actor_via_sso":false,"log_type":"token"}	2025-09-06 11:15:13.734113+00	
00000000-0000-0000-0000-000000000000	963159f7-1d7a-40f7-b1b8-ccd3317890e8	{"action":"token_refreshed","actor_id":"3e79da44-bdb3-4518-9651-6cca4bf1d4e8","actor_username":"editer@test.local","actor_via_sso":false,"log_type":"token"}	2025-09-06 11:15:13.760287+00	
00000000-0000-0000-0000-000000000000	bd985981-26ca-425f-93cb-da5e19efc59a	{"action":"token_refreshed","actor_id":"3e79da44-bdb3-4518-9651-6cca4bf1d4e8","actor_username":"editer@test.local","actor_via_sso":false,"log_type":"token"}	2025-09-06 11:15:13.788966+00	
00000000-0000-0000-0000-000000000000	1f039d2a-3d1c-490b-b773-1f46a7fa6467	{"action":"token_refreshed","actor_id":"3e79da44-bdb3-4518-9651-6cca4bf1d4e8","actor_username":"editer@test.local","actor_via_sso":false,"log_type":"token"}	2025-09-06 11:17:12.286949+00	
00000000-0000-0000-0000-000000000000	3f008e8b-de98-4b47-8b39-90837e76d90f	{"action":"token_revoked","actor_id":"3e79da44-bdb3-4518-9651-6cca4bf1d4e8","actor_username":"editer@test.local","actor_via_sso":false,"log_type":"token"}	2025-09-06 11:17:12.288209+00	
00000000-0000-0000-0000-000000000000	6330de9f-f9e5-4d15-a3fa-da7e612945e8	{"action":"login","actor_id":"3e79da44-bdb3-4518-9651-6cca4bf1d4e8","actor_username":"editer@test.local","actor_via_sso":false,"log_type":"account","traits":{"provider":"email"}}	2025-09-06 11:51:06.968246+00	
00000000-0000-0000-0000-000000000000	e5046de5-da23-4704-a28f-af0fe0f134b7	{"action":"token_refreshed","actor_id":"3e79da44-bdb3-4518-9651-6cca4bf1d4e8","actor_username":"editer@test.local","actor_via_sso":false,"log_type":"token"}	2025-09-06 12:19:20.679984+00	
00000000-0000-0000-0000-000000000000	aaedba25-c567-4d11-abd3-5917815d36db	{"action":"token_revoked","actor_id":"3e79da44-bdb3-4518-9651-6cca4bf1d4e8","actor_username":"editer@test.local","actor_via_sso":false,"log_type":"token"}	2025-09-06 12:19:20.684059+00	
00000000-0000-0000-0000-000000000000	62771349-0dd9-4e94-8b55-e28a5ee3fe54	{"action":"token_refreshed","actor_id":"3e79da44-bdb3-4518-9651-6cca4bf1d4e8","actor_username":"editer@test.local","actor_via_sso":false,"log_type":"token"}	2025-09-07 08:47:49.285095+00	
00000000-0000-0000-0000-000000000000	13752370-dadb-4ca7-aaba-72faeb521c02	{"action":"token_revoked","actor_id":"3e79da44-bdb3-4518-9651-6cca4bf1d4e8","actor_username":"editer@test.local","actor_via_sso":false,"log_type":"token"}	2025-09-07 08:47:49.311927+00	
00000000-0000-0000-0000-000000000000	35cb7a67-e7fe-41ff-8f32-d63bdd4b5dc3	{"action":"token_refreshed","actor_id":"3e79da44-bdb3-4518-9651-6cca4bf1d4e8","actor_username":"editer@test.local","actor_via_sso":false,"log_type":"token"}	2025-09-07 08:47:49.540569+00	
00000000-0000-0000-0000-000000000000	dfc6343c-ee7d-4e8d-b1d1-d865e7e9df3f	{"action":"token_refreshed","actor_id":"3e79da44-bdb3-4518-9651-6cca4bf1d4e8","actor_username":"editer@test.local","actor_via_sso":false,"log_type":"token"}	2025-09-07 11:04:42.117197+00	
00000000-0000-0000-0000-000000000000	ee718883-0938-406d-8732-039fae7aa019	{"action":"token_revoked","actor_id":"3e79da44-bdb3-4518-9651-6cca4bf1d4e8","actor_username":"editer@test.local","actor_via_sso":false,"log_type":"token"}	2025-09-07 11:04:42.128286+00	
00000000-0000-0000-0000-000000000000	ffc82efa-3cf3-403d-93b1-1c7c7bbd8943	{"action":"token_refreshed","actor_id":"3e79da44-bdb3-4518-9651-6cca4bf1d4e8","actor_username":"editer@test.local","actor_via_sso":false,"log_type":"token"}	2025-09-07 11:04:42.254975+00	
00000000-0000-0000-0000-000000000000	39abbf88-a311-4870-b07b-ecddcb5eee22	{"action":"logout","actor_id":"3e79da44-bdb3-4518-9651-6cca4bf1d4e8","actor_username":"editer@test.local","actor_via_sso":false,"log_type":"account"}	2025-09-07 11:42:22.713631+00	
00000000-0000-0000-0000-000000000000	a4ee7f80-1928-40a3-a700-1bcc6f450a23	{"action":"login","actor_id":"3e79da44-bdb3-4518-9651-6cca4bf1d4e8","actor_username":"editer@test.local","actor_via_sso":false,"log_type":"account","traits":{"provider":"email"}}	2025-09-07 11:57:06.198933+00	
00000000-0000-0000-0000-000000000000	6d7ad752-705b-4a44-916c-7f142f87aea4	{"action":"login","actor_id":"3e79da44-bdb3-4518-9651-6cca4bf1d4e8","actor_username":"editer@test.local","actor_via_sso":false,"log_type":"account","traits":{"provider":"email"}}	2025-09-07 14:09:07.275996+00	
00000000-0000-0000-0000-000000000000	05b591aa-e100-4fde-8e89-6979ddfa4589	{"action":"token_refreshed","actor_id":"087141c9-1142-4d55-b819-658334dbc626","actor_username":"rambling.rose.hajime@gmail.com","actor_via_sso":false,"log_type":"token"}	2025-09-08 23:48:43.578146+00	
00000000-0000-0000-0000-000000000000	d7b86d22-c14e-4a26-a944-14f2f0cdd25a	{"action":"token_revoked","actor_id":"087141c9-1142-4d55-b819-658334dbc626","actor_username":"rambling.rose.hajime@gmail.com","actor_via_sso":false,"log_type":"token"}	2025-09-08 23:48:43.597169+00	
\.


--
-- Data for Name: flow_state; Type: TABLE DATA; Schema: auth; Owner: supabase_auth_admin
--

COPY "auth"."flow_state" ("id", "user_id", "auth_code", "code_challenge_method", "code_challenge", "provider_type", "provider_access_token", "provider_refresh_token", "created_at", "updated_at", "authentication_method", "auth_code_issued_at") FROM stdin;
7b693973-4870-42da-9c43-d3a7981245e1	5a245507-ee0b-424f-ab87-bee233346fb5	18f065eb-6f4e-4213-b3c0-399d8414387d	s256	l532WTPqSCzVBakLzuBKuY_J2Pgzx5Wzqb9o0FdWcXk	email			2025-08-13 13:54:53.004395+00	2025-08-13 13:55:15.112086+00	email/signup	2025-08-13 13:55:15.112048+00
8fbc105f-8e77-417c-9a54-40fecfc8974b	3b5b2498-86ed-4ed8-968d-b98a0e286c43	3713953a-57b6-4a7d-af4a-e620c2753ddf	s256	Y_G1BOXx3c_I2UL9UyLqLxpkF3VUIIp_QUu_8BHeMtU	email			2025-08-13 13:55:56.737007+00	2025-08-13 13:56:14.505338+00	email/signup	2025-08-13 13:56:14.5053+00
97bf8431-dfc1-4b01-a720-898343e79228	876333fe-6b05-49a9-a732-1e67a07c9f19	f660b6de-e904-40a0-8911-3b4fac1049a3	s256	vFGpvTf35eFe2KJZ4pNE_oBYfGRKvteaWprTT7SMDko	email			2025-08-13 13:55:46.081925+00	2025-08-13 13:56:21.123408+00	email/signup	2025-08-13 13:56:21.12337+00
f2305416-6bb4-4ae1-b996-0c7ba42ab922	1702ab10-9d97-45a4-9339-e1e4acff85b5	32849585-db50-4cb2-b07c-8181ba6da110	s256	yV5IpMfp-o2M1wFT8Y2CxQ-o1o0v7XJ5JeniAm1mYDY	email			2025-08-14 10:34:15.21701+00	2025-08-14 10:34:15.21701+00	email/signup	\N
b64eddb4-046d-4599-92f9-4d774add542b	1702ab10-9d97-45a4-9339-e1e4acff85b5	4688f4be-c955-47c2-95dc-91f8df1617fe	s256	hB8OX2d8YDvahid59sr-DGXn_rFXOTi91wLx3DSoAZ0	email			2025-08-14 10:40:22.514765+00	2025-08-14 10:46:03.905231+00	email/signup	2025-08-14 10:46:03.905191+00
4988f495-2ae9-4939-9863-4bf786b95bb0	087141c9-1142-4d55-b819-658334dbc626	bd2f0197-2a44-4df4-b554-53839cc291f4	s256	3BnxQUMNoxF0NyJDgB_rvPYCeCGyfehTmOHKCQAAOAU	email			2025-08-21 02:23:48.644867+00	2025-08-21 02:29:42.006853+00	email/signup	2025-08-21 02:29:42.006813+00
ea0cc170-a0c6-40f7-a95e-9d2d72453c7d	86e9a35f-b642-4a3d-bd85-d8c4eea729cc	eeb1cea4-f8d1-4230-b678-f2fe39d95d92	s256	LD_VbaN0X_taUHHbfAdTcAJm3o3e-lnacm890_FUm38	email			2025-08-24 09:17:45.647057+00	2025-08-24 09:19:40.711929+00	email/signup	2025-08-24 09:19:40.711888+00
ae409d2f-b866-43f2-9dd8-e749951056eb	a7ccec28-814b-498e-97a6-b4a764c09a7f	699ae39f-53bd-45bf-aa1f-167fedade1d1	s256	vIppXIreXxAnZS0BaB-HaqGtGhwNmDLNlH2h2FZjvYs	email			2025-08-25 05:52:00.954482+00	2025-08-25 05:52:00.954482+00	email/signup	\N
43dcf80a-30cb-4193-a3e3-deebfe771067	42c1f520-6e63-4c4b-b626-9d8c2880efa8	a7c3de15-38c3-4375-8b85-4c762f3de30e	s256	6nPMN3CfjfDTEozKufTcf_6Xk6d1RB2hfty0xt7zXiE	email			2025-08-25 05:54:30.763403+00	2025-08-25 05:54:30.763403+00	email/signup	\N
da3a3e53-7f51-4fbb-a70a-9270febd2aff	41c66b27-f9a5-4a86-a6c1-84118baa1abd	8d280e2f-5f7a-4f86-a4a8-ceaa652027bc	s256	dtyU-NXcBqIQIPV3y60Cxwfbep0bz29DO9mV1gnEsdE	email			2025-08-25 05:57:19.639724+00	2025-08-25 05:58:12.581748+00	email/signup	2025-08-25 05:58:12.58171+00
\.


--
-- Data for Name: users; Type: TABLE DATA; Schema: auth; Owner: supabase_auth_admin
--

COPY "auth"."users" ("instance_id", "id", "aud", "role", "email", "encrypted_password", "email_confirmed_at", "invited_at", "confirmation_token", "confirmation_sent_at", "recovery_token", "recovery_sent_at", "email_change_token_new", "email_change", "email_change_sent_at", "last_sign_in_at", "raw_app_meta_data", "raw_user_meta_data", "is_super_admin", "created_at", "updated_at", "phone", "phone_confirmed_at", "phone_change", "phone_change_token", "phone_change_sent_at", "email_change_token_current", "email_change_confirm_status", "banned_until", "reauthentication_token", "reauthentication_sent_at", "is_sso_user", "deleted_at", "is_anonymous") FROM stdin;
00000000-0000-0000-0000-000000000000	3e79da44-bdb3-4518-9651-6cca4bf1d4e8	authenticated	authenticated	editer@test.local	$2a$10$l8kC7Onxh1SuZO0PlFF04uuPvxgIs4ZtbYIMxx0sk4U6CAssGA02q	2025-08-23 08:53:43.314363+00	\N		\N		\N			\N	2025-09-07 14:09:07.287375+00	{"provider": "email", "providers": ["email"]}	{"email_verified": true}	\N	2025-08-23 08:53:43.293813+00	2025-09-07 14:09:07.319086+00	\N	\N			\N		0	\N		\N	f	\N	f
00000000-0000-0000-0000-000000000000	087141c9-1142-4d55-b819-658334dbc626	authenticated	authenticated	rambling.rose.hajime@gmail.com	$2a$10$CF.7rOQewK/OtFDOZWIIlOKqL1BPon85pb4uFLPgDBwMwuXKZiWYi	2025-08-21 02:29:41.991814+00	\N		2025-08-21 02:23:48.664504+00		\N			\N	2025-08-21 02:30:08.750479+00	{"provider": "email", "providers": ["email"]}	{"sub": "087141c9-1142-4d55-b819-658334dbc626", "email": "rambling.rose.hajime@gmail.com", "email_verified": true, "phone_verified": false}	\N	2025-08-21 02:23:48.555619+00	2025-09-08 23:48:43.622223+00	\N	\N			\N		0	\N		\N	f	\N	f
00000000-0000-0000-0000-000000000000	cf4c8052-b87b-41f8-90bd-4ff01118ab18	authenticated	authenticated	annya200279@gmail.com	$2a$10$bqjxTyWiTE0r3SJOu8Lrn.s5vz01DqIrNccE8QFuLBa9EpowG1A7S	2025-08-06 16:06:15.202197+00	\N		\N		\N			\N	2025-09-04 11:18:00.027664+00	{"provider": "email", "providers": ["email"]}	{"email_verified": true}	\N	2025-08-06 16:06:15.197504+00	2025-09-04 11:18:00.046083+00	\N	\N			\N		0	\N		\N	f	\N	f
00000000-0000-0000-0000-000000000000	5a245507-ee0b-424f-ab87-bee233346fb5	authenticated	authenticated	hajime.cookie@icloud.com	$2a$10$BKLp4Rkr8cNi.ML0cxhRhuTzEZypcy4T8aeo9y4pWkIURRyfeI9gu	2025-08-13 13:55:15.107201+00	\N		2025-08-13 13:54:53.022057+00		\N			\N	2025-08-13 13:57:16.736362+00	{"provider": "email", "providers": ["email"]}	{"sub": "5a245507-ee0b-424f-ab87-bee233346fb5", "email": "hajime.cookie@icloud.com", "email_verified": true, "phone_verified": false}	\N	2025-08-13 13:54:52.979887+00	2025-08-22 08:15:56.04983+00	\N	\N			\N		0	\N		\N	f	\N	f
00000000-0000-0000-0000-000000000000	3b5b2498-86ed-4ed8-968d-b98a0e286c43	authenticated	authenticated	masha1219@hotmail.co.jp	$2a$10$l9oVzpdmRl7S7bqC01kDVepaq3SXYTvCv/yS1Io5C8HaD.PpQIABO	2025-08-13 13:56:14.501476+00	\N		2025-08-13 13:55:56.73752+00		\N			\N	2025-08-13 14:01:03.571779+00	{"provider": "email", "providers": ["email"]}	{"sub": "3b5b2498-86ed-4ed8-968d-b98a0e286c43", "email": "masha1219@hotmail.co.jp", "email_verified": true, "phone_verified": false}	\N	2025-08-13 13:55:56.727942+00	2025-09-05 14:41:02.38563+00	\N	\N			\N		0	\N		\N	f	\N	f
00000000-0000-0000-0000-000000000000	876333fe-6b05-49a9-a732-1e67a07c9f19	authenticated	authenticated	kyomirairio@gmail.com	$2a$10$3.xPdTAuFWMCqensKqYunOQhPDMtwydBFikiatsH4gexGvhJfQvmK	2025-08-13 13:56:21.118175+00	\N		2025-08-13 13:55:46.082433+00		\N			\N	2025-08-13 13:57:23.27249+00	{"provider": "email", "providers": ["email"]}	{"sub": "876333fe-6b05-49a9-a732-1e67a07c9f19", "email": "kyomirairio@gmail.com", "email_verified": true, "phone_verified": false}	\N	2025-08-13 13:55:46.076636+00	2025-08-19 09:07:01.915725+00	\N	\N			\N		0	\N		\N	f	\N	f
\.


--
-- Data for Name: identities; Type: TABLE DATA; Schema: auth; Owner: supabase_auth_admin
--

COPY "auth"."identities" ("provider_id", "user_id", "identity_data", "provider", "last_sign_in_at", "created_at", "updated_at", "id") FROM stdin;
cf4c8052-b87b-41f8-90bd-4ff01118ab18	cf4c8052-b87b-41f8-90bd-4ff01118ab18	{"sub": "cf4c8052-b87b-41f8-90bd-4ff01118ab18", "email": "annya200279@gmail.com", "email_verified": false, "phone_verified": false}	email	2025-08-06 16:06:15.198878+00	2025-08-06 16:06:15.198926+00	2025-08-06 16:06:15.198926+00	82e905d0-4df3-42aa-a189-f9dac405d3f8
5a245507-ee0b-424f-ab87-bee233346fb5	5a245507-ee0b-424f-ab87-bee233346fb5	{"sub": "5a245507-ee0b-424f-ab87-bee233346fb5", "email": "hajime.cookie@icloud.com", "email_verified": true, "phone_verified": false}	email	2025-08-13 13:54:52.997441+00	2025-08-13 13:54:52.997497+00	2025-08-13 13:54:52.997497+00	56fd6f9c-3801-474c-8dd9-9bb9976888ae
3b5b2498-86ed-4ed8-968d-b98a0e286c43	3b5b2498-86ed-4ed8-968d-b98a0e286c43	{"sub": "3b5b2498-86ed-4ed8-968d-b98a0e286c43", "email": "masha1219@hotmail.co.jp", "email_verified": true, "phone_verified": false}	email	2025-08-13 13:55:56.732297+00	2025-08-13 13:55:56.732346+00	2025-08-13 13:55:56.732346+00	6d7dca4b-2f14-4e6c-a879-08c1615d7290
876333fe-6b05-49a9-a732-1e67a07c9f19	876333fe-6b05-49a9-a732-1e67a07c9f19	{"sub": "876333fe-6b05-49a9-a732-1e67a07c9f19", "email": "kyomirairio@gmail.com", "email_verified": true, "phone_verified": false}	email	2025-08-13 13:55:46.078817+00	2025-08-13 13:55:46.07886+00	2025-08-13 13:55:46.07886+00	ab04cd23-b550-450e-9f93-144ac3b26748
087141c9-1142-4d55-b819-658334dbc626	087141c9-1142-4d55-b819-658334dbc626	{"sub": "087141c9-1142-4d55-b819-658334dbc626", "email": "rambling.rose.hajime@gmail.com", "email_verified": true, "phone_verified": false}	email	2025-08-21 02:23:48.603349+00	2025-08-21 02:23:48.603399+00	2025-08-21 02:23:48.603399+00	6c126c66-375c-44e4-a5b8-11119b8a3ac4
3e79da44-bdb3-4518-9651-6cca4bf1d4e8	3e79da44-bdb3-4518-9651-6cca4bf1d4e8	{"sub": "3e79da44-bdb3-4518-9651-6cca4bf1d4e8", "email": "editer@test.local", "email_verified": false, "phone_verified": false}	email	2025-08-23 08:53:43.307296+00	2025-08-23 08:53:43.307357+00	2025-08-23 08:53:43.307357+00	59712d1f-0e69-42c2-a098-f716edfb36b8
\.


--
-- Data for Name: instances; Type: TABLE DATA; Schema: auth; Owner: supabase_auth_admin
--

COPY "auth"."instances" ("id", "uuid", "raw_base_config", "created_at", "updated_at") FROM stdin;
\.


--
-- Data for Name: sessions; Type: TABLE DATA; Schema: auth; Owner: supabase_auth_admin
--

COPY "auth"."sessions" ("id", "user_id", "created_at", "updated_at", "factor_id", "aal", "not_after", "refreshed_at", "user_agent", "ip", "tag") FROM stdin;
a85994d0-f2d7-4b1e-a004-44301c21fa4b	876333fe-6b05-49a9-a732-1e67a07c9f19	2025-08-13 13:57:21.134517+00	2025-08-13 13:57:21.134517+00	\N	aal1	\N	\N	node	3.91.222.152	\N
17e7e2f6-5250-4f1a-80a6-cfcf7c47409e	5a245507-ee0b-424f-ab87-bee233346fb5	2025-08-13 13:57:16.736437+00	2025-08-22 08:15:56.057274+00	\N	aal1	\N	2025-08-22 08:15:56.05719	Vercel Edge Functions	35.75.12.141	\N
41b64abb-1926-4c70-848e-83a8ceee401f	cf4c8052-b87b-41f8-90bd-4ff01118ab18	2025-09-04 11:18:00.027746+00	2025-09-04 11:18:00.027746+00	\N	aal1	\N	\N	node	52.55.1.223	\N
562eb18f-d300-4079-ad31-ed91094cafc5	3b5b2498-86ed-4ed8-968d-b98a0e286c43	2025-08-13 14:01:03.571853+00	2025-09-05 14:41:02.39143+00	\N	aal1	\N	2025-09-05 14:41:02.391357	Vercel Edge Functions	18.180.226.202	\N
21bb68da-d36f-4c04-bdbd-1ab3d0e381b7	876333fe-6b05-49a9-a732-1e67a07c9f19	2025-08-13 13:57:23.272578+00	2025-08-19 09:07:01.918333+00	\N	aal1	\N	2025-08-19 09:07:01.918265	Mozilla/5.0 (iPhone; CPU iPhone OS 18_5 like Mac OS X) AppleWebKit/605.1.15 (KHTML, like Gecko) Version/18.5 Mobile/15E148 Safari/604.1	110.135.46.212	\N
05c8fc70-fe02-424f-a229-77ff6f7e5e6e	3b5b2498-86ed-4ed8-968d-b98a0e286c43	2025-08-13 13:57:09.887244+00	2025-08-13 23:52:12.689711+00	\N	aal1	\N	2025-08-13 23:52:12.689636	Vercel Edge Functions	54.65.104.45	\N
ae5b2b99-fc60-4074-933a-26c4322f9f77	3e79da44-bdb3-4518-9651-6cca4bf1d4e8	2025-09-07 11:57:06.206299+00	2025-09-07 11:57:06.206299+00	\N	aal1	\N	\N	Mozilla/5.0 (Windows NT 10.0; Win64; x64) AppleWebKit/537.36 (KHTML, like Gecko) Chrome/139.0.0.0 Safari/537.36	133.32.128.32	\N
b0b46392-1d7d-48b3-a8f3-fa18f461e19f	3e79da44-bdb3-4518-9651-6cca4bf1d4e8	2025-09-07 14:09:07.287457+00	2025-09-07 14:09:07.287457+00	\N	aal1	\N	\N	Mozilla/5.0 (Windows NT 10.0; Win64; x64) AppleWebKit/537.36 (KHTML, like Gecko) Chrome/139.0.0.0 Safari/537.36	133.32.128.32	\N
c97509b0-bd8c-4351-b4e3-43a9fddb7161	087141c9-1142-4d55-b819-658334dbc626	2025-08-21 02:30:08.751189+00	2025-09-08 23:48:43.631296+00	\N	aal1	\N	2025-09-08 23:48:43.631195	Vercel Edge Functions	18.182.19.152	\N
\.


--
-- Data for Name: mfa_amr_claims; Type: TABLE DATA; Schema: auth; Owner: supabase_auth_admin
--

COPY "auth"."mfa_amr_claims" ("session_id", "created_at", "updated_at", "authentication_method", "id") FROM stdin;
c97509b0-bd8c-4351-b4e3-43a9fddb7161	2025-08-21 02:30:08.78958+00	2025-08-21 02:30:08.78958+00	password	be17b893-bd80-4506-ac92-bd859de86c20
41b64abb-1926-4c70-848e-83a8ceee401f	2025-09-04 11:18:00.046741+00	2025-09-04 11:18:00.046741+00	password	fdc84911-2fc9-453e-8de7-95f1ceb50a66
ae5b2b99-fc60-4074-933a-26c4322f9f77	2025-09-07 11:57:06.228704+00	2025-09-07 11:57:06.228704+00	password	b1071674-3bd8-4279-86f6-80fed99b4d90
b0b46392-1d7d-48b3-a8f3-fa18f461e19f	2025-09-07 14:09:07.324761+00	2025-09-07 14:09:07.324761+00	password	a9b8a597-0eda-4d46-893e-9c2d4d97fd3e
05c8fc70-fe02-424f-a229-77ff6f7e5e6e	2025-08-13 13:57:09.889287+00	2025-08-13 13:57:09.889287+00	password	04f1f301-ed72-4326-9c00-279ba0d2bcec
17e7e2f6-5250-4f1a-80a6-cfcf7c47409e	2025-08-13 13:57:16.738985+00	2025-08-13 13:57:16.738985+00	password	31392792-c125-401b-80ca-3b32b98d1859
a85994d0-f2d7-4b1e-a004-44301c21fa4b	2025-08-13 13:57:21.138158+00	2025-08-13 13:57:21.138158+00	password	b0c0565b-3337-47a3-8558-d33354d60a47
21bb68da-d36f-4c04-bdbd-1ab3d0e381b7	2025-08-13 13:57:23.274559+00	2025-08-13 13:57:23.274559+00	password	c70576cb-dcca-4899-9b3e-f4dabe802a32
562eb18f-d300-4079-ad31-ed91094cafc5	2025-08-13 14:01:03.576484+00	2025-08-13 14:01:03.576484+00	password	05b0376b-9450-464b-bc5d-6d5e8978b2a1
\.


--
-- Data for Name: mfa_factors; Type: TABLE DATA; Schema: auth; Owner: supabase_auth_admin
--

COPY "auth"."mfa_factors" ("id", "user_id", "friendly_name", "factor_type", "status", "created_at", "updated_at", "secret", "phone", "last_challenged_at", "web_authn_credential", "web_authn_aaguid") FROM stdin;
\.


--
-- Data for Name: mfa_challenges; Type: TABLE DATA; Schema: auth; Owner: supabase_auth_admin
--

COPY "auth"."mfa_challenges" ("id", "factor_id", "created_at", "verified_at", "ip_address", "otp_code", "web_authn_session_data") FROM stdin;
\.


--
-- Data for Name: one_time_tokens; Type: TABLE DATA; Schema: auth; Owner: supabase_auth_admin
--

COPY "auth"."one_time_tokens" ("id", "user_id", "token_type", "token_hash", "relates_to", "created_at", "updated_at") FROM stdin;
\.


--
-- Data for Name: refresh_tokens; Type: TABLE DATA; Schema: auth; Owner: supabase_auth_admin
--

COPY "auth"."refresh_tokens" ("instance_id", "id", "token", "user_id", "revoked", "created_at", "updated_at", "parent", "session_id") FROM stdin;
00000000-0000-0000-0000-000000000000	235	choal6klmxud	3b5b2498-86ed-4ed8-968d-b98a0e286c43	t	2025-08-14 08:36:49.218941+00	2025-08-14 11:01:14.599535+00	a3gsitexoc5u	562eb18f-d300-4079-ad31-ed91094cafc5
00000000-0000-0000-0000-000000000000	339	n67hufzine5n	3e79da44-bdb3-4518-9651-6cca4bf1d4e8	f	2025-09-07 11:57:06.21909+00	2025-09-07 11:57:06.21909+00	\N	ae5b2b99-fc60-4074-933a-26c4322f9f77
00000000-0000-0000-0000-000000000000	237	ui2ti7qobuqg	3b5b2498-86ed-4ed8-968d-b98a0e286c43	t	2025-08-14 11:01:14.601701+00	2025-08-14 12:02:29.711151+00	choal6klmxud	562eb18f-d300-4079-ad31-ed91094cafc5
00000000-0000-0000-0000-000000000000	341	bwknxrtak45i	087141c9-1142-4d55-b819-658334dbc626	f	2025-09-08 23:48:43.611145+00	2025-09-08 23:48:43.611145+00	efknk6nzbrpn	c97509b0-bd8c-4351-b4e3-43a9fddb7161
00000000-0000-0000-0000-000000000000	238	ffb6lewqfs5z	3b5b2498-86ed-4ed8-968d-b98a0e286c43	t	2025-08-14 12:02:29.714316+00	2025-08-14 15:08:19.159302+00	ui2ti7qobuqg	562eb18f-d300-4079-ad31-ed91094cafc5
00000000-0000-0000-0000-000000000000	239	uydonto66qhr	3b5b2498-86ed-4ed8-968d-b98a0e286c43	t	2025-08-14 15:08:19.161096+00	2025-08-14 21:53:56.4515+00	ffb6lewqfs5z	562eb18f-d300-4079-ad31-ed91094cafc5
00000000-0000-0000-0000-000000000000	231	iu47ufflcipm	876333fe-6b05-49a9-a732-1e67a07c9f19	t	2025-08-14 02:04:47.49303+00	2025-08-15 00:06:27.936768+00	xb4pq2mpzg4a	21bb68da-d36f-4c04-bdbd-1ab3d0e381b7
00000000-0000-0000-0000-000000000000	240	wxoynt7ee2tr	3b5b2498-86ed-4ed8-968d-b98a0e286c43	t	2025-08-14 21:53:56.457205+00	2025-08-15 01:19:50.021514+00	uydonto66qhr	562eb18f-d300-4079-ad31-ed91094cafc5
00000000-0000-0000-0000-000000000000	233	5om6cqlzqh66	5a245507-ee0b-424f-ab87-bee233346fb5	t	2025-08-14 02:49:21.132996+00	2025-08-15 02:19:01.617046+00	plgvnpdm3xsy	17e7e2f6-5250-4f1a-80a6-cfcf7c47409e
00000000-0000-0000-0000-000000000000	241	sfujeybcwa5r	876333fe-6b05-49a9-a732-1e67a07c9f19	t	2025-08-15 00:06:27.938695+00	2025-08-15 04:26:48.552561+00	iu47ufflcipm	21bb68da-d36f-4c04-bdbd-1ab3d0e381b7
00000000-0000-0000-0000-000000000000	244	dlwgiq5jyffb	876333fe-6b05-49a9-a732-1e67a07c9f19	t	2025-08-15 04:26:48.553757+00	2025-08-15 08:49:04.002003+00	sfujeybcwa5r	21bb68da-d36f-4c04-bdbd-1ab3d0e381b7
00000000-0000-0000-0000-000000000000	243	odg3yjyzplst	5a245507-ee0b-424f-ab87-bee233346fb5	t	2025-08-15 02:19:01.618317+00	2025-08-15 08:59:27.20977+00	5om6cqlzqh66	17e7e2f6-5250-4f1a-80a6-cfcf7c47409e
00000000-0000-0000-0000-000000000000	246	q7sdtw4japfm	5a245507-ee0b-424f-ab87-bee233346fb5	t	2025-08-15 08:59:27.211094+00	2025-08-15 10:39:31.347212+00	odg3yjyzplst	17e7e2f6-5250-4f1a-80a6-cfcf7c47409e
00000000-0000-0000-0000-000000000000	247	6jjqdqehvmpr	5a245507-ee0b-424f-ab87-bee233346fb5	t	2025-08-15 10:39:31.349634+00	2025-08-15 13:06:08.365925+00	q7sdtw4japfm	17e7e2f6-5250-4f1a-80a6-cfcf7c47409e
00000000-0000-0000-0000-000000000000	248	hp63kjbcnak6	5a245507-ee0b-424f-ab87-bee233346fb5	t	2025-08-15 13:06:08.368391+00	2025-08-15 14:20:12.486632+00	6jjqdqehvmpr	17e7e2f6-5250-4f1a-80a6-cfcf7c47409e
00000000-0000-0000-0000-000000000000	249	bk6ft4wtimej	5a245507-ee0b-424f-ab87-bee233346fb5	t	2025-08-15 14:20:12.488454+00	2025-08-15 15:59:03.173474+00	hp63kjbcnak6	17e7e2f6-5250-4f1a-80a6-cfcf7c47409e
00000000-0000-0000-0000-000000000000	250	dxvw7xzgegxe	5a245507-ee0b-424f-ab87-bee233346fb5	t	2025-08-15 15:59:03.175402+00	2025-08-16 01:43:52.654715+00	bk6ft4wtimej	17e7e2f6-5250-4f1a-80a6-cfcf7c47409e
00000000-0000-0000-0000-000000000000	318	qloigp6yvqwh	3b5b2498-86ed-4ed8-968d-b98a0e286c43	t	2025-08-30 03:26:21.503654+00	2025-08-30 09:37:16.686258+00	ejhrl4lg6xaz	562eb18f-d300-4079-ad31-ed91094cafc5
00000000-0000-0000-0000-000000000000	218	akzvtlyhtase	876333fe-6b05-49a9-a732-1e67a07c9f19	f	2025-08-13 13:57:21.135422+00	2025-08-13 13:57:21.135422+00	\N	a85994d0-f2d7-4b1e-a004-44301c21fa4b
00000000-0000-0000-0000-000000000000	328	ou7kvd4fgdva	cf4c8052-b87b-41f8-90bd-4ff01118ab18	f	2025-09-04 11:18:00.041+00	2025-09-04 11:18:00.041+00	\N	41b64abb-1926-4c70-848e-83a8ceee401f
00000000-0000-0000-0000-000000000000	320	j7b6sjrcmfdu	3b5b2498-86ed-4ed8-968d-b98a0e286c43	t	2025-08-30 09:37:16.688937+00	2025-09-05 14:41:02.373486+00	qloigp6yvqwh	562eb18f-d300-4079-ad31-ed91094cafc5
00000000-0000-0000-0000-000000000000	330	dkrlawzpzxeg	3b5b2498-86ed-4ed8-968d-b98a0e286c43	f	2025-09-05 14:41:02.37945+00	2025-09-05 14:41:02.37945+00	j7b6sjrcmfdu	562eb18f-d300-4079-ad31-ed91094cafc5
00000000-0000-0000-0000-000000000000	217	dws3qdhbtyl2	5a245507-ee0b-424f-ab87-bee233346fb5	t	2025-08-13 13:57:16.737116+00	2025-08-13 15:52:46.100595+00	\N	17e7e2f6-5250-4f1a-80a6-cfcf7c47409e
00000000-0000-0000-0000-000000000000	220	hb3hzf6klrzc	3b5b2498-86ed-4ed8-968d-b98a0e286c43	t	2025-08-13 14:01:03.573137+00	2025-08-13 16:34:58.366266+00	\N	562eb18f-d300-4079-ad31-ed91094cafc5
00000000-0000-0000-0000-000000000000	225	lgrtlldcw63z	5a245507-ee0b-424f-ab87-bee233346fb5	t	2025-08-13 15:52:46.103134+00	2025-08-13 21:56:55.720243+00	dws3qdhbtyl2	17e7e2f6-5250-4f1a-80a6-cfcf7c47409e
00000000-0000-0000-0000-000000000000	216	pfdnfksrajqu	3b5b2498-86ed-4ed8-968d-b98a0e286c43	t	2025-08-13 13:57:09.887919+00	2025-08-13 23:52:12.677125+00	\N	05c8fc70-fe02-424f-a229-77ff6f7e5e6e
00000000-0000-0000-0000-000000000000	242	46bqit4caexi	3b5b2498-86ed-4ed8-968d-b98a0e286c43	t	2025-08-15 01:19:50.023509+00	2025-08-17 06:25:20.977871+00	wxoynt7ee2tr	562eb18f-d300-4079-ad31-ed91094cafc5
00000000-0000-0000-0000-000000000000	229	k7tbodribeia	3b5b2498-86ed-4ed8-968d-b98a0e286c43	f	2025-08-13 23:52:12.679128+00	2025-08-13 23:52:12.679128+00	pfdnfksrajqu	05c8fc70-fe02-424f-a229-77ff6f7e5e6e
00000000-0000-0000-0000-000000000000	245	bt6ip6tsc3ds	876333fe-6b05-49a9-a732-1e67a07c9f19	t	2025-08-15 08:49:04.006166+00	2025-08-17 12:30:54.574319+00	dlwgiq5jyffb	21bb68da-d36f-4c04-bdbd-1ab3d0e381b7
00000000-0000-0000-0000-000000000000	226	dzieew5x6j65	3b5b2498-86ed-4ed8-968d-b98a0e286c43	t	2025-08-13 16:34:58.371561+00	2025-08-14 01:26:30.732761+00	hb3hzf6klrzc	562eb18f-d300-4079-ad31-ed91094cafc5
00000000-0000-0000-0000-000000000000	219	xb4pq2mpzg4a	876333fe-6b05-49a9-a732-1e67a07c9f19	t	2025-08-13 13:57:23.273248+00	2025-08-14 02:04:47.491771+00	\N	21bb68da-d36f-4c04-bdbd-1ab3d0e381b7
00000000-0000-0000-0000-000000000000	228	plgvnpdm3xsy	5a245507-ee0b-424f-ab87-bee233346fb5	t	2025-08-13 21:56:55.729997+00	2025-08-14 02:49:21.130509+00	lgrtlldcw63z	17e7e2f6-5250-4f1a-80a6-cfcf7c47409e
00000000-0000-0000-0000-000000000000	230	a3gsitexoc5u	3b5b2498-86ed-4ed8-968d-b98a0e286c43	t	2025-08-14 01:26:30.735315+00	2025-08-14 08:36:49.212476+00	dzieew5x6j65	562eb18f-d300-4079-ad31-ed91094cafc5
00000000-0000-0000-0000-000000000000	263	c3lphafydxho	876333fe-6b05-49a9-a732-1e67a07c9f19	t	2025-08-17 12:30:54.585007+00	2025-08-18 05:39:13.745102+00	bt6ip6tsc3ds	21bb68da-d36f-4c04-bdbd-1ab3d0e381b7
00000000-0000-0000-0000-000000000000	262	qk6f4heaujle	3b5b2498-86ed-4ed8-968d-b98a0e286c43	t	2025-08-17 06:25:20.988856+00	2025-08-18 10:44:11.793198+00	46bqit4caexi	562eb18f-d300-4079-ad31-ed91094cafc5
00000000-0000-0000-0000-000000000000	251	jrejllrjtitz	5a245507-ee0b-424f-ab87-bee233346fb5	t	2025-08-16 01:43:52.662779+00	2025-08-20 06:52:28.501766+00	dxvw7xzgegxe	17e7e2f6-5250-4f1a-80a6-cfcf7c47409e
00000000-0000-0000-0000-000000000000	340	wctfelsa7n26	3e79da44-bdb3-4518-9651-6cca4bf1d4e8	f	2025-09-07 14:09:07.299172+00	2025-09-07 14:09:07.299172+00	\N	b0b46392-1d7d-48b3-a8f3-fa18f461e19f
00000000-0000-0000-0000-000000000000	291	efknk6nzbrpn	087141c9-1142-4d55-b819-658334dbc626	t	2025-08-21 07:22:24.762372+00	2025-09-08 23:48:43.601244+00	j5luhf6za22u	c97509b0-bd8c-4351-b4e3-43a9fddb7161
00000000-0000-0000-0000-000000000000	272	chcqfsefjvpq	876333fe-6b05-49a9-a732-1e67a07c9f19	t	2025-08-18 05:39:13.750353+00	2025-08-19 06:50:17.462807+00	c3lphafydxho	21bb68da-d36f-4c04-bdbd-1ab3d0e381b7
00000000-0000-0000-0000-000000000000	288	pgd6syzdibio	3b5b2498-86ed-4ed8-968d-b98a0e286c43	t	2025-08-20 11:48:35.538688+00	2025-08-25 05:42:37.793177+00	rzml6srye2dt	562eb18f-d300-4079-ad31-ed91094cafc5
00000000-0000-0000-0000-000000000000	275	xsohauz54fql	876333fe-6b05-49a9-a732-1e67a07c9f19	t	2025-08-19 06:50:17.477472+00	2025-08-19 08:07:50.678282+00	chcqfsefjvpq	21bb68da-d36f-4c04-bdbd-1ab3d0e381b7
00000000-0000-0000-0000-000000000000	277	wnvsvvlooq5q	876333fe-6b05-49a9-a732-1e67a07c9f19	t	2025-08-19 08:07:50.681808+00	2025-08-19 09:07:01.910021+00	xsohauz54fql	21bb68da-d36f-4c04-bdbd-1ab3d0e381b7
00000000-0000-0000-0000-000000000000	278	ly4jc73uec4y	876333fe-6b05-49a9-a732-1e67a07c9f19	f	2025-08-19 09:07:01.914415+00	2025-08-19 09:07:01.914415+00	wnvsvvlooq5q	21bb68da-d36f-4c04-bdbd-1ab3d0e381b7
00000000-0000-0000-0000-000000000000	274	rlnttjyo47av	3b5b2498-86ed-4ed8-968d-b98a0e286c43	t	2025-08-18 10:44:11.79448+00	2025-08-19 13:51:32.660034+00	qk6f4heaujle	562eb18f-d300-4079-ad31-ed91094cafc5
00000000-0000-0000-0000-000000000000	280	623s6q2aeuk5	3b5b2498-86ed-4ed8-968d-b98a0e286c43	t	2025-08-19 13:51:32.664264+00	2025-08-19 15:43:26.997275+00	rlnttjyo47av	562eb18f-d300-4079-ad31-ed91094cafc5
00000000-0000-0000-0000-000000000000	284	lybh4ufuxdg5	5a245507-ee0b-424f-ab87-bee233346fb5	t	2025-08-20 06:52:28.514656+00	2025-08-20 07:54:16.736352+00	jrejllrjtitz	17e7e2f6-5250-4f1a-80a6-cfcf7c47409e
00000000-0000-0000-0000-000000000000	285	dy73d6pl7ubs	5a245507-ee0b-424f-ab87-bee233346fb5	t	2025-08-20 07:54:16.745248+00	2025-08-20 09:08:20.954921+00	lybh4ufuxdg5	17e7e2f6-5250-4f1a-80a6-cfcf7c47409e
00000000-0000-0000-0000-000000000000	305	ejhrl4lg6xaz	3b5b2498-86ed-4ed8-968d-b98a0e286c43	t	2025-08-25 05:42:37.805456+00	2025-08-30 03:26:21.489367+00	pgd6syzdibio	562eb18f-d300-4079-ad31-ed91094cafc5
00000000-0000-0000-0000-000000000000	286	rjzgymtgommr	5a245507-ee0b-424f-ab87-bee233346fb5	t	2025-08-20 09:08:20.958677+00	2025-08-20 10:45:03.549202+00	dy73d6pl7ubs	17e7e2f6-5250-4f1a-80a6-cfcf7c47409e
00000000-0000-0000-0000-000000000000	283	rzml6srye2dt	3b5b2498-86ed-4ed8-968d-b98a0e286c43	t	2025-08-19 15:43:27.001483+00	2025-08-20 11:48:35.534554+00	623s6q2aeuk5	562eb18f-d300-4079-ad31-ed91094cafc5
00000000-0000-0000-0000-000000000000	289	udzbfnm47uoc	087141c9-1142-4d55-b819-658334dbc626	t	2025-08-21 02:30:08.762531+00	2025-08-21 03:35:10.372467+00	\N	c97509b0-bd8c-4351-b4e3-43a9fddb7161
00000000-0000-0000-0000-000000000000	290	j5luhf6za22u	087141c9-1142-4d55-b819-658334dbc626	t	2025-08-21 03:35:10.380507+00	2025-08-21 07:22:24.749328+00	udzbfnm47uoc	c97509b0-bd8c-4351-b4e3-43a9fddb7161
00000000-0000-0000-0000-000000000000	287	zmwjutetrcgo	5a245507-ee0b-424f-ab87-bee233346fb5	t	2025-08-20 10:45:03.553655+00	2025-08-22 08:15:56.022164+00	rjzgymtgommr	17e7e2f6-5250-4f1a-80a6-cfcf7c47409e
00000000-0000-0000-0000-000000000000	292	3vqxww5gujom	5a245507-ee0b-424f-ab87-bee233346fb5	f	2025-08-22 08:15:56.042788+00	2025-08-22 08:15:56.042788+00	zmwjutetrcgo	17e7e2f6-5250-4f1a-80a6-cfcf7c47409e
\.


--
-- Data for Name: sso_providers; Type: TABLE DATA; Schema: auth; Owner: supabase_auth_admin
--

COPY "auth"."sso_providers" ("id", "resource_id", "created_at", "updated_at") FROM stdin;
\.


--
-- Data for Name: saml_providers; Type: TABLE DATA; Schema: auth; Owner: supabase_auth_admin
--

COPY "auth"."saml_providers" ("id", "sso_provider_id", "entity_id", "metadata_xml", "metadata_url", "attribute_mapping", "created_at", "updated_at", "name_id_format") FROM stdin;
\.


--
-- Data for Name: saml_relay_states; Type: TABLE DATA; Schema: auth; Owner: supabase_auth_admin
--

COPY "auth"."saml_relay_states" ("id", "sso_provider_id", "request_id", "for_email", "redirect_to", "created_at", "updated_at", "flow_state_id") FROM stdin;
\.


--
-- Data for Name: sso_domains; Type: TABLE DATA; Schema: auth; Owner: supabase_auth_admin
--

COPY "auth"."sso_domains" ("id", "sso_provider_id", "domain", "created_at", "updated_at") FROM stdin;
\.


--
-- Data for Name: admins; Type: TABLE DATA; Schema: public; Owner: postgres
--

COPY "public"."admins" ("id", "email", "name", "role", "is_active", "last_login", "created_at", "updated_at") FROM stdin;
93520150-b656-4f04-8d0c-d2319f12936b	admin@example.com		super_admin	t	\N	2025-08-06 16:25:14.32443+00	2025-08-06 16:25:14.32443+00
96f18261-ef4c-4ca9-8482-1664e25898af	content@example.com		admin	t	\N	2025-08-06 16:25:14.32443+00	2025-08-06 16:25:14.32443+00
ab6938bf-cfc8-40cf-a579-aa0ad9a58869	annya200279@gmail.com	BossBoss	admin	t	\N	2025-08-06 16:25:14.32443+00	2025-08-06 16:25:14.32443+00
31878e51-ddce-49a5-8bca-985c48ed887a	editer@test.local		admin	t	\N	2025-08-06 16:00:43.095447+00	2025-08-23 08:54:20.498235+00
\.


--
-- Data for Name: admin_activity_logs; Type: TABLE DATA; Schema: public; Owner: postgres
--

COPY "public"."admin_activity_logs" ("id", "admin_id", "action", "resource_type", "resource_id", "details", "ip_address", "user_agent", "created_at") FROM stdin;
\.


--
-- Data for Name: admin_requests; Type: TABLE DATA; Schema: public; Owner: postgres
--

COPY "public"."admin_requests" ("id", "user_id", "email", "name", "reason", "status", "reviewed_by", "reviewed_at", "review_notes", "created_at", "updated_at") FROM stdin;
\.


--
-- Data for Name: admin_sessions; Type: TABLE DATA; Schema: public; Owner: postgres
--

COPY "public"."admin_sessions" ("id", "admin_id", "token", "expires_at", "created_at") FROM stdin;
\.


--
-- Data for Name: categories; Type: TABLE DATA; Schema: public; Owner: postgres
--

COPY "public"."categories" ("id", "name", "description", "icon", "color", "sort_order", "is_active", "created_by", "created_at", "updated_at") FROM stdin;
b464ce08-9440-4178-923f-4d251b8dc0ab				#3B82F6	1	t	\N	2025-08-06 16:25:25.844459+00	2025-08-06 16:25:25.844459+00
6effaf5d-619c-4a70-b36d-9464549eadda				#8B5CF6	2	t	\N	2025-08-06 16:25:25.844459+00	2025-08-06 16:25:25.844459+00
659c3f6d-2e93-47b9-9fe3-c6838a82f6b9				#10B981	3	t	\N	2025-08-06 16:25:25.844459+00	2025-08-06 16:25:25.844459+00
71bfd0a1-cc79-4257-bd4a-15d30d37555f				#F59E0B	4	t	\N	2025-08-06 16:25:25.844459+00	2025-08-06 16:25:25.844459+00
618464f6-6c7a-450a-9074-89e6d7becef9				#EF4444	5	t	\N	2025-08-06 16:25:25.844459+00	2025-08-06 16:25:25.844459+00
db7620f6-7347-4cec-8a88-da3f8a27cc98				#06B6D4	6	t	\N	2025-08-06 16:25:25.844459+00	2025-08-06 16:25:25.844459+00
fd181354-21ea-48d7-b4fa-8b6e1ca0264c				#EC4899	7	t	\N	2025-08-06 16:25:25.844459+00	2025-08-06 16:25:25.844459+00
301aab35-e5ee-4136-98ba-ca272bb813d4				#84CC16	8	t	\N	2025-08-06 16:25:25.844459+00	2025-08-06 16:25:25.844459+00
\.


--
-- Data for Name: words; Type: TABLE DATA; Schema: public; Owner: postgres
--

COPY "public"."words" ("id", "category_id", "category", "section", "word", "japanese", "example1", "example2", "example3", "example1_jp", "example2_jp", "example3_jp", "audio_file", "phonetic", "is_active", "trivia_content_jp", "created_at", "updated_at") FROM stdin;
88aa10e8-fc4b-44c8-b4c8-3cb34a90450f	\N		2	check out		Check out this new cafe.	Ill check out the sale later.	We checked out at 10 a.m.			10	check out/word.mp3	\N	t	\N	2025-08-11 09:32:08.980776+00	2025-08-13 15:08:10.004006+00
d585996a-e2b4-4521-a55f-487fc7285cfc	\N		2	come in		Please come in.	Come in, its cold outside.	He came in without knocking.				come in/word.mp3	\N	t	\N	2025-08-11 09:32:08.128107+00	2025-08-13 15:08:10.109375+00
efacee31-ed6a-4b05-968c-c1afef6d10fe	\N		1	find out		I found out she moved.	I found out the shop is closed today.	I found out its going to rain tomorrow.				find out/word.mp3	\N	t	\N	2025-08-11 09:32:06.411086+00	2025-08-13 15:08:10.222436+00
3c403d35-0825-4a35-955a-b4beb725265e	\N		2	get in		Get in the car.	I got in the taxi.	She got in the bus quickly.				get in/word.mp3	\N	t	\N	2025-08-11 09:32:08.337263+00	2025-08-13 15:08:10.394131+00
8f703c54-33ca-4e3a-b999-40c02acd0f82	\N		2	get out		Get out of the car here.	I got out of the taxi.	She got out and ran inside.				get out/word.mp3	\N	t	\N	2025-08-11 09:32:08.571921+00	2025-08-13 15:08:10.484482+00
2e15bbaa-8ae6-4255-b4de-53cb952b639a	\N		1	get up		I got up at six today.	Get up, its time for school.	I got up from the sofa.	6			get up/word.mp3	\N	t	\N	2025-08-11 09:32:06.651274+00	2025-08-13 15:08:10.577871+00
b9e27bbf-f52a-497e-9e59-e83568ee46ed	\N		1	give up		I wont give up on my diet.	Dont give up yet.	I gave up cooking and ordered pizza.				give up/word.mp3	\N	t	\N	2025-08-11 09:32:07.196408+00	2025-08-13 15:08:10.698507+00
d314fd74-a2f2-45d3-9706-eb6370b8af40	\N		2	go out		Im going out for dinner tonight.	Lets go out for a walk.	She went out to buy milk.				go out/word.mp3	\N	t	\N	2025-08-11 09:32:07.892522+00	2025-08-13 15:08:10.789707+00
4a5bf037-40b4-402c-a1ce-76c5e63089c4	\N		2	hang out		Lets hang out at the mall.	Im hanging out with my friends today.	The kids are hanging out in the park.				hang out/word.mp3	\N	t	\N	2025-08-11 09:32:08.793716+00	2025-08-13 15:08:10.875311+00
6b4da5dc-a891-4542-9aa3-f45fd778737a	\N		1	look for		Im looking for my glasses.	Im looking for a parking spot.	Im looking for my phone.				look for/word.mp3	\N	t	\N	2025-08-11 09:32:06.204203+00	2025-08-13 15:08:11.133111+00
eab1c454-ffa2-4ae5-ab1d-2915817b4b6f	\N		1	pick up		Ill pick up the kids from school.	Can you pick up that pen?	Ill pick up some bread on the way home.				pick up/word.mp3	\N	t	\N	2025-08-11 09:32:05.878858+00	2025-08-13 15:08:11.292003+00
b06f6883-bf86-4b4a-a74e-fd1422e8c70d	\N		1	put on		I put on my coat.	Put on your shoes.	I put on some makeup.				put on/word.mp3	\N	t	\N	2025-08-11 09:32:07.430709+00	2025-08-13 15:08:11.379395+00
a097febb-0c44-4e94-a002-b8172ba78593	\N		1	run out of		I ran out of milk this morning.	We ran out of toilet paper.	I ran out of sugar for the coffee.				run out of/word.mp3	\N	t	\N	2025-08-11 09:32:05.188173+00	2025-08-13 15:08:11.472607+00
c6d3dddd-502d-4714-8727-c8186f549961	\N		2	show up		He showed up late.	She didnt show up at the party.	My friend showed up at my house.				show up/word.mp3	\N	t	\N	2025-08-11 09:32:09.178983+00	2025-08-13 15:08:11.554418+00
6db1a413-a359-474a-956a-7d651752ec26	\N		2	take off		I took off my jacket.	Take off your shoes here.	The plane took off on time.				take off/word.mp3	\N	t	\N	2025-08-11 09:32:07.669046+00	2025-08-13 15:08:11.750253+00
79b18102-f86f-48df-ac7d-cdea6cfcbc39	\N		1	turn off		Please turn off the light.	I turned off the air conditioner.	Can you turn off the TV?				turn off/word.mp3	\N	t	\N	2025-08-11 09:32:05.626681+00	2025-08-13 15:08:11.846635+00
835fa5a1-b7f6-43bd-b92d-7a072fad78e3	\N		1	turn on		Please turn on the light.	I turned on the heater.	Can you turn on the TV?				turn on/word.mp3	\N	t	\N	2025-08-11 09:32:05.43866+00	2025-08-13 15:08:11.924743+00
6a3b25f5-487d-4672-8579-d95facb5587d	\N		1	wake up		I woke up at seven today.	Wake up, breakfast is ready.	I cant wake up early on Sundays.	7			wake up/word.mp3	\N	t	\N	2025-08-11 09:32:06.918478+00	2025-08-13 15:08:12.016763+00
7a239e43-fe4c-4bb4-aa64-528ff94da337	\N		3	break up		They broke up last month.	The band broke up.	We decided to break up.				break up/word.mp3	\N	t	\N	2025-08-11 09:32:09.901859+00	2025-08-13 15:08:09.666045+00
30bf6fb7-fccd-45cd-a121-d09adc2e228b	\N		2	carry on		Carry on with your work.	She carried on talking.	Carry on, youre doing great.				carry on/word.mp3	\N	t	\N	2025-08-11 09:32:09.580075+00	2025-08-13 15:08:09.772809+00
1d917f4b-8664-458d-8fa5-726a2b0351f1	\N		3	catch up		I need to catch up on my laundry.	Run faster to catch up with her.	Lets catch up over coffee.				catch up/word.mp3	\N	t	\N	2025-08-11 09:32:10.434578+00	2025-08-13 15:08:09.895739+00
f06aa8f3-c4e0-428d-8acf-f6c5970e6aad	\N		3	get along		They get along well.	Do you get along with your neighbors?	The kids dont get along today.				get along/word.mp3	\N	t	\N	2025-08-11 09:32:09.73568+00	2025-08-13 15:08:10.31107+00
36df238e-c32b-4046-83db-5451755d121c	\N		2	hold on		Hold on a second.	Hold on, Ill get my bag.	Please hold on, Ill transfer your call.				hold on/word.mp3	\N	t	\N	2025-08-11 09:32:09.383068+00	2025-08-13 15:08:10.966372+00
c5319aa3-7b1b-4a5d-bbb3-1d1e0d527c30	\N		3	keep up		Keep up the good work.	I cant keep up with the kids.	She keeps up her English practice.				keep up/word.mp3	\N	t	\N	2025-08-11 09:32:10.593209+00	2025-08-13 15:08:11.044535+00
8512d84e-9d26-4121-854f-b60fe9d92ece	\N		3	make up		They made up after the fight.	Ill make up for being late.	She made up before going out.				make up/word.mp3	\N	t	\N	2025-08-11 09:32:10.081008+00	2025-08-13 15:08:11.211782+00
6513d935-4f39-4a17-9541-ceb2a5803fce	\N		3	watch out		Watch out for cars.	Watch out, its slippery.	Watch out for that step.				watch out/word.mp3	\N	t	\N	2025-08-11 09:32:10.263199+00	2025-08-13 15:08:12.096684+00
c1ef8163-c56c-42cc-b7e3-ab7249391238	\N		3	take care of		Ill take care of dinner.	She takes care of the garden.	Ill take care of the laundry.				take care of/word.mp3	tek ker v	t		2025-08-11 09:32:10.754564+00	2025-08-16 10:35:20.770589+00
\.


--
-- Data for Name: audio_files; Type: TABLE DATA; Schema: public; Owner: postgres
--

COPY "public"."audio_files" ("id", "word_id", "file_name", "file_path", "file_size", "mime_type", "duration_seconds", "uploaded_by", "is_active", "file_index", "audio_type", "created_at", "updated_at") FROM stdin;
\.


--
-- Data for Name: chunk_english_data; Type: TABLE DATA; Schema: public; Owner: postgres
--

COPY "public"."chunk_english_data" ("id", "chunk_text", "created_at", "updated_at") FROM stdin;
\.


--
-- Data for Name: contact_inquiries; Type: TABLE DATA; Schema: public; Owner: postgres
--

COPY "public"."contact_inquiries" ("id", "name", "email", "subject", "message", "category", "priority", "status", "user_id", "assigned_to", "ip_address", "user_agent", "created_at", "updated_at") FROM stdin;
\.


--
-- Data for Name: review_sessions; Type: TABLE DATA; Schema: public; Owner: postgres
--

COPY "public"."review_sessions" ("id", "user_id", "total_words", "completed_words", "correct_answers", "start_time", "end_time", "created_at") FROM stdin;
e5e6bce2-74f8-48d3-9da2-be78de11248f	3b5b2498-86ed-4ed8-968d-b98a0e286c43	1	1	1	2025-08-14 15:18:10.581+00	2025-08-14 15:18:22.207+00	2025-08-14 15:18:10.582+00
\.


--
-- Data for Name: review_words; Type: TABLE DATA; Schema: public; Owner: postgres
--

COPY "public"."review_words" ("id", "user_id", "word_id", "added_at", "review_count", "last_reviewed", "next_review", "difficulty_level") FROM stdin;
b7f03c7f-a412-4458-b686-acf0384e4466	cf4c8052-b87b-41f8-90bd-4ff01118ab18	d585996a-e2b4-4521-a55f-487fc7285cfc	2025-08-13 13:52:34.196+00	0	\N	\N	3
18c6bbae-07fd-461a-a2cb-1886d51ecb22	3b5b2498-86ed-4ed8-968d-b98a0e286c43	6db1a413-a359-474a-956a-7d651752ec26	2025-08-30 03:42:40.221+00	0	\N	\N	3
9fb5b029-cbbe-4362-9410-e5dd0d80900a	cf4c8052-b87b-41f8-90bd-4ff01118ab18	a097febb-0c44-4e94-a002-b8172ba78593	2025-09-04 11:20:25.102+00	0	\N	\N	3
19536f2a-c2e8-4a74-a931-03f0d7988d11	cf4c8052-b87b-41f8-90bd-4ff01118ab18	79b18102-f86f-48df-ac7d-cdea6cfcbc39	2025-09-04 11:20:26.516+00	0	\N	\N	3
969dc834-0973-468a-a6e6-781a74f762c3	cf4c8052-b87b-41f8-90bd-4ff01118ab18	7a239e43-fe4c-4bb4-aa64-528ff94da337	2025-09-04 11:21:08.06+00	0	\N	\N	3
df82df41-3a5d-491d-89ed-8d2856d49cef	cf4c8052-b87b-41f8-90bd-4ff01118ab18	1d917f4b-8664-458d-8fa5-726a2b0351f1	2025-09-04 11:21:09.485+00	0	\N	\N	3
e4e87b68-201b-4783-b98a-10a18aa31255	cf4c8052-b87b-41f8-90bd-4ff01118ab18	f06aa8f3-c4e0-428d-8acf-f6c5970e6aad	2025-09-04 11:21:10.483+00	0	\N	\N	3
2412eb54-9215-4652-99df-f0481261d29c	cf4c8052-b87b-41f8-90bd-4ff01118ab18	88aa10e8-fc4b-44c8-b4c8-3cb34a90450f	2025-09-04 11:22:22.079+00	0	\N	\N	3
471e1c9f-e34a-4440-8509-0e1d03b837c2	cf4c8052-b87b-41f8-90bd-4ff01118ab18	3c403d35-0825-4a35-955a-b4beb725265e	2025-09-04 11:22:26.2+00	0	\N	\N	3
9c8b6ca6-813a-4417-8b63-da22bf5f7fee	3e79da44-bdb3-4518-9651-6cca4bf1d4e8	efacee31-ed6a-4b05-968c-c1afef6d10fe	2025-09-07 11:06:24.695+00	0	\N	\N	3
\.


--
-- Data for Name: security_audit_log; Type: TABLE DATA; Schema: public; Owner: postgres
--

COPY "public"."security_audit_log" ("id", "user_id", "action", "table_name", "record_id", "ip_address", "user_agent", "created_at") FROM stdin;
\.


--
-- Data for Name: study_sessions; Type: TABLE DATA; Schema: public; Owner: postgres
--

COPY "public"."study_sessions" ("id", "user_id", "category", "mode", "total_words", "completed_words", "correct_answers", "start_time", "end_time", "created_at") FROM stdin;
687950df-dbaa-4ff5-89cc-fedc806c2c37	cf4c8052-b87b-41f8-90bd-4ff01118ab18		flashcard	2	2	2	2025-08-10 05:50:07.803+00	2025-08-10 05:50:07.803+00	2025-08-10 05:50:07.803+00
358343cc-8cc8-4255-b209-a4a3f941dda9	cf4c8052-b87b-41f8-90bd-4ff01118ab18		flashcard	14	14	14	2025-08-11 13:40:05.442+00	2025-08-11 13:40:05.442+00	2025-08-11 13:40:05.442+00
478b2283-eb7b-45f7-bb51-b15f918cabdc	cf4c8052-b87b-41f8-90bd-4ff01118ab18		flashcard	14	14	14	2025-08-11 13:40:06.729+00	2025-08-11 13:40:06.729+00	2025-08-11 13:40:06.729+00
8be283b4-1f8c-48b8-9b33-f6fe6ff91ac9	cf4c8052-b87b-41f8-90bd-4ff01118ab18		flashcard	27	27	27	2025-08-13 13:49:18.537+00	2025-08-13 13:49:18.537+00	2025-08-13 13:49:18.537+00
2cc70fb6-5ca4-465d-9ce9-e315cd1afdf3	cf4c8052-b87b-41f8-90bd-4ff01118ab18		flashcard	27	27	27	2025-08-13 13:50:53.232+00	2025-08-13 13:50:53.232+00	2025-08-13 13:50:53.232+00
601ef37a-1d30-4ec7-a3f2-638bb7a61c05	3b5b2498-86ed-4ed8-968d-b98a0e286c43		flashcard	10	10	10	2025-08-13 16:36:36.074+00	2025-08-13 16:36:36.074+00	2025-08-13 16:36:36.074+00
e63f3362-c3de-47ad-a4d0-9233c38cf209	3b5b2498-86ed-4ed8-968d-b98a0e286c43		quiz	16	16	16	2025-08-13 16:40:58.983+00	2025-08-13 16:40:58.983+00	2025-08-13 16:40:58.983+00
f7859442-f8c3-4ac0-a696-ed2cc814e2f2	3b5b2498-86ed-4ed8-968d-b98a0e286c43		flashcard	10	10	10	2025-08-13 23:54:09.976+00	2025-08-13 23:54:09.977+00	2025-08-13 23:54:09.977+00
9ecd0722-5203-40d7-baa2-44788d29fea4	3b5b2498-86ed-4ed8-968d-b98a0e286c43		flashcard	7	7	7	2025-08-13 23:55:49.76+00	2025-08-13 23:55:49.76+00	2025-08-13 23:55:49.761+00
7b7dcb4a-55b5-47b3-bf08-bec9a471d105	3b5b2498-86ed-4ed8-968d-b98a0e286c43		flashcard	10	10	10	2025-08-13 23:56:46.161+00	2025-08-13 23:56:46.161+00	2025-08-13 23:56:46.161+00
f3d954ac-9f5e-4a6b-824c-c5608e70d03e	3b5b2498-86ed-4ed8-968d-b98a0e286c43		flashcard	10	10	10	2025-08-13 23:57:49.783+00	2025-08-13 23:57:49.783+00	2025-08-13 23:57:49.783+00
2cb1af38-6d90-42be-884c-0666c349df9b	3b5b2498-86ed-4ed8-968d-b98a0e286c43		flashcard	10	10	10	2025-08-13 23:59:18.342+00	2025-08-13 23:59:18.342+00	2025-08-13 23:59:18.342+00
dd5f14ed-f90f-48ed-ab9a-17ec65a59106	876333fe-6b05-49a9-a732-1e67a07c9f19		flashcard	10	10	10	2025-08-14 02:09:31.959+00	2025-08-14 02:09:31.959+00	2025-08-14 02:09:31.959+00
88f04c33-3972-4424-a00f-e764d0caea11	876333fe-6b05-49a9-a732-1e67a07c9f19		flashcard	10	10	10	2025-08-14 02:11:13.186+00	2025-08-14 02:11:13.186+00	2025-08-14 02:11:13.187+00
79638638-490d-4727-b524-1910a952cee3	3b5b2498-86ed-4ed8-968d-b98a0e286c43		flashcard	10	10	10	2025-08-14 08:46:33.813+00	2025-08-14 08:46:33.813+00	2025-08-14 08:46:33.814+00
aef33d2c-80ab-4a22-b6e1-dccd262d7377	3b5b2498-86ed-4ed8-968d-b98a0e286c43		flashcard	10	10	10	2025-08-14 08:46:48.346+00	2025-08-14 08:46:48.346+00	2025-08-14 08:46:48.346+00
23f4f988-f260-4670-8841-26447bf0c961	3b5b2498-86ed-4ed8-968d-b98a0e286c43		flashcard	10	10	10	2025-08-14 08:55:58.8+00	2025-08-14 08:55:58.8+00	2025-08-14 08:55:58.8+00
066cbbdf-bea7-4806-806f-b9d32fba6aea	3b5b2498-86ed-4ed8-968d-b98a0e286c43		flashcard	10	10	10	2025-08-14 11:04:33.462+00	2025-08-14 11:04:33.464+00	2025-08-14 11:04:33.465+00
e54642b3-a41d-4853-9783-bd8266c96bd7	3b5b2498-86ed-4ed8-968d-b98a0e286c43		flashcard	10	10	10	2025-08-14 11:04:54.766+00	2025-08-14 11:04:54.766+00	2025-08-14 11:04:54.766+00
eb12c638-2af1-4ca0-a316-d5258f6a4a88	3b5b2498-86ed-4ed8-968d-b98a0e286c43		flashcard	7	7	7	2025-08-14 11:05:12.314+00	2025-08-14 11:05:12.314+00	2025-08-14 11:05:12.315+00
4dc95177-1ed0-4eea-a43e-a5dd96b9d254	3b5b2498-86ed-4ed8-968d-b98a0e286c43		flashcard	10	10	10	2025-08-14 11:05:38.02+00	2025-08-14 11:05:38.02+00	2025-08-14 11:05:38.02+00
2ffb4d18-9cb4-4e05-82f8-5e58cdec2409	3b5b2498-86ed-4ed8-968d-b98a0e286c43		flashcard	10	10	10	2025-08-14 11:05:53.796+00	2025-08-14 11:05:53.796+00	2025-08-14 11:05:53.796+00
c5d584d7-e2f0-44df-8516-08a9c79c26ba	3b5b2498-86ed-4ed8-968d-b98a0e286c43		flashcard	10	10	10	2025-08-14 11:06:09.6+00	2025-08-14 11:06:09.6+00	2025-08-14 11:06:09.6+00
1c625a68-80a6-4fe5-a5c3-04791c165249	3b5b2498-86ed-4ed8-968d-b98a0e286c43		flashcard	10	10	10	2025-08-14 11:06:13.112+00	2025-08-14 11:06:13.112+00	2025-08-14 11:06:13.112+00
74d8824e-5fd9-436c-a249-9e8c0031b5c5	3b5b2498-86ed-4ed8-968d-b98a0e286c43		flashcard	10	10	10	2025-08-14 11:06:32.302+00	2025-08-14 11:06:32.302+00	2025-08-14 11:06:32.302+00
c6ec74f2-bb26-4461-abec-acd5ca8dad9f	3b5b2498-86ed-4ed8-968d-b98a0e286c43		flashcard	10	10	10	2025-08-14 11:06:48.525+00	2025-08-14 11:06:48.525+00	2025-08-14 11:06:48.525+00
c7faf0fe-7fc3-49ff-80f4-9ab5404f1800	3b5b2498-86ed-4ed8-968d-b98a0e286c43		flashcard	7	7	7	2025-08-14 11:09:20.564+00	2025-08-14 11:09:20.564+00	2025-08-14 11:09:20.565+00
7149afba-3739-4ed8-93fa-dedfee96259c	3b5b2498-86ed-4ed8-968d-b98a0e286c43		quiz	39	39	38	2025-08-14 15:13:51.154+00	2025-08-14 15:13:51.154+00	2025-08-14 15:13:51.154+00
ad2636b0-61e6-4452-ae2f-9859cef3b7b6	3b5b2498-86ed-4ed8-968d-b98a0e286c43		quiz	40	40	39	2025-08-14 15:14:14.675+00	2025-08-14 15:14:14.675+00	2025-08-14 15:14:14.675+00
46977244-bcd0-4fd5-ac26-c5b4dfb60813	3b5b2498-86ed-4ed8-968d-b98a0e286c43		quiz	41	41	40	2025-08-14 15:14:23.289+00	2025-08-14 15:14:23.289+00	2025-08-14 15:14:23.29+00
a9f2e0b8-1341-4a2a-9c8b-f345582d3a17	3b5b2498-86ed-4ed8-968d-b98a0e286c43		quiz	17	17	16	2025-08-14 22:03:11.328+00	2025-08-14 22:03:11.33+00	2025-08-14 22:03:11.33+00
1fd1027b-ef4b-4e2f-b4b7-4d77920709f4	3b5b2498-86ed-4ed8-968d-b98a0e286c43		flashcard	7	7	7	2025-08-15 01:28:40.763+00	2025-08-15 01:28:40.765+00	2025-08-15 01:28:40.765+00
559fc592-40e7-4136-acd2-4c345fbf4c23	3b5b2498-86ed-4ed8-968d-b98a0e286c43		flashcard	7	7	7	2025-08-15 01:28:48.31+00	2025-08-15 01:28:48.31+00	2025-08-15 01:28:48.311+00
34b4b96f-eb66-462f-a6d1-34f2d62b43c8	3b5b2498-86ed-4ed8-968d-b98a0e286c43		flashcard	7	7	7	2025-08-15 01:29:19.966+00	2025-08-15 01:29:19.966+00	2025-08-15 01:29:19.966+00
ca3ffa42-7ec1-4519-b6bd-4a559135f36c	3b5b2498-86ed-4ed8-968d-b98a0e286c43		flashcard	7	7	7	2025-08-15 01:35:21.253+00	2025-08-15 01:35:21.253+00	2025-08-15 01:35:21.254+00
0bd3247d-d713-40fa-b433-bba999eebedc	3b5b2498-86ed-4ed8-968d-b98a0e286c43		flashcard	10	10	10	2025-08-15 01:38:33.876+00	2025-08-15 01:38:33.876+00	2025-08-15 01:38:33.877+00
67d43625-645b-427b-ae4f-7e9b6eff65e0	3b5b2498-86ed-4ed8-968d-b98a0e286c43		flashcard	7	7	7	2025-08-15 01:43:15.974+00	2025-08-15 01:43:15.974+00	2025-08-15 01:43:15.975+00
7fd41bc2-4388-4a1e-9503-a6a87c0cf9cb	3b5b2498-86ed-4ed8-968d-b98a0e286c43		flashcard	7	7	7	2025-08-15 01:48:50.007+00	2025-08-15 01:48:50.007+00	2025-08-15 01:48:50.007+00
33f0306e-bc4d-41bd-b512-04ee101ba608	3b5b2498-86ed-4ed8-968d-b98a0e286c43		flashcard	10	10	10	2025-08-15 02:00:10.447+00	2025-08-15 02:00:10.447+00	2025-08-15 02:00:10.448+00
5ba443b5-ca53-4ca2-9c5a-424ae8857082	3b5b2498-86ed-4ed8-968d-b98a0e286c43		flashcard	10	10	10	2025-08-15 02:00:17.818+00	2025-08-15 02:00:17.818+00	2025-08-15 02:00:17.818+00
33715e0b-093f-47d9-9339-48cf762feea3	3b5b2498-86ed-4ed8-968d-b98a0e286c43		quiz	16	16	16	2025-08-15 02:11:44.896+00	2025-08-15 02:11:44.896+00	2025-08-15 02:11:44.897+00
fec8a2f0-06e5-40cd-bf78-e04e225dffcc	3b5b2498-86ed-4ed8-968d-b98a0e286c43		quiz	17	17	17	2025-08-15 02:11:51.29+00	2025-08-15 02:11:51.29+00	2025-08-15 02:11:51.29+00
dcda17e4-c143-4761-ad26-e338e094c91b	cf4c8052-b87b-41f8-90bd-4ff01118ab18		flashcard	0	0	0	2025-08-18 10:42:26.14+00	2025-08-18 10:42:26.14+00	2025-08-18 10:42:26.141+00
dbf3c0b1-64c5-4e59-bd87-c321445c461d	3b5b2498-86ed-4ed8-968d-b98a0e286c43		flashcard	0	0	0	2025-08-19 14:05:01.009+00	2025-08-19 14:05:01.011+00	2025-08-19 14:05:01.012+00
cd24207c-a21d-4adb-b57f-6352e9a00257	5a245507-ee0b-424f-ab87-bee233346fb5		flashcard	0	0	0	2025-08-20 07:00:08.152+00	2025-08-20 07:00:08.152+00	2025-08-20 07:00:08.153+00
2245b546-8766-45a0-878e-7adc6681877b	5a245507-ee0b-424f-ab87-bee233346fb5		flashcard	0	0	0	2025-08-20 07:03:53.66+00	2025-08-20 07:03:53.66+00	2025-08-20 07:03:53.66+00
485aa0ad-6719-42fd-bdea-7599a675f0df	5a245507-ee0b-424f-ab87-bee233346fb5		flashcard	0	0	0	2025-08-20 07:05:49.389+00	2025-08-20 07:05:49.389+00	2025-08-20 07:05:49.389+00
50eaad2a-097e-4a88-9956-a1bb10e201d0	5a245507-ee0b-424f-ab87-bee233346fb5		flashcard	0	0	0	2025-08-20 10:47:15.954+00	2025-08-20 10:47:15.954+00	2025-08-20 10:47:15.954+00
d9f3a098-5019-4a34-b133-5d4ad5fe1458	5a245507-ee0b-424f-ab87-bee233346fb5		flashcard	0	0	0	2025-08-20 10:48:27.96+00	2025-08-20 10:48:27.96+00	2025-08-20 10:48:27.96+00
e426a31d-1174-4b1c-b57c-26f23fa816da	5a245507-ee0b-424f-ab87-bee233346fb5		flashcard	0	0	0	2025-08-20 10:49:44.991+00	2025-08-20 10:49:44.991+00	2025-08-20 10:49:44.991+00
f9394631-21b5-409c-8d70-dec92a20374e	5a245507-ee0b-424f-ab87-bee233346fb5		quiz	18	18	17	2025-08-20 11:11:47.844+00	2025-08-20 11:11:47.844+00	2025-08-20 11:11:47.844+00
e19ff6bf-71d5-440d-b4c1-57543a97510b	5a245507-ee0b-424f-ab87-bee233346fb5		flashcard	0	0	0	2025-08-20 11:12:29.769+00	2025-08-20 11:12:29.77+00	2025-08-20 11:12:29.77+00
691b5495-6a03-4269-b8fe-4b35927551bf	5a245507-ee0b-424f-ab87-bee233346fb5		flashcard	0	0	0	2025-08-20 11:12:37.942+00	2025-08-20 11:12:37.942+00	2025-08-20 11:12:37.942+00
195db5e1-5092-492a-8b46-b387eea2da92	3b5b2498-86ed-4ed8-968d-b98a0e286c43		flashcard	0	0	0	2025-08-20 11:54:21.674+00	2025-08-20 11:54:21.676+00	2025-08-20 11:54:21.677+00
5abdcf9c-dfe4-46cd-b273-73549ae01313	3b5b2498-86ed-4ed8-968d-b98a0e286c43		flashcard	0	0	0	2025-08-20 12:00:34.959+00	2025-08-20 12:00:34.959+00	2025-08-20 12:00:34.959+00
5b87166b-3aaa-4a6f-b699-2b53a48fa150	3b5b2498-86ed-4ed8-968d-b98a0e286c43		flashcard	0	0	0	2025-08-20 12:06:18.495+00	2025-08-20 12:06:18.495+00	2025-08-20 12:06:18.495+00
118f78a0-e2c3-44ec-bfe6-75e42ae7f421	cf4c8052-b87b-41f8-90bd-4ff01118ab18		flashcard	0	0	0	2025-08-22 11:08:30.058+00	2025-08-22 11:08:30.058+00	2025-08-22 11:08:30.058+00
b6dce146-7a47-4d5c-9cc5-2bf62fe117b1	cf4c8052-b87b-41f8-90bd-4ff01118ab18		flashcard	0	0	0	2025-08-22 15:54:25.699+00	2025-08-22 15:54:25.699+00	2025-08-22 15:54:25.7+00
2ef98616-f25a-4d20-871a-60552522a525	cf4c8052-b87b-41f8-90bd-4ff01118ab18		flashcard	0	0	0	2025-08-24 09:56:30.994+00	2025-08-24 09:56:30.994+00	2025-08-24 09:56:30.995+00
ee9f047a-59a3-4d9a-b1b8-20c2aa81f86d	cf4c8052-b87b-41f8-90bd-4ff01118ab18		flashcard	0	0	0	2025-08-27 11:32:31.939+00	2025-08-27 11:32:31.939+00	2025-08-27 11:32:31.939+00
497412a1-85d4-47e1-8bc5-4c6ba37ccf19	3b5b2498-86ed-4ed8-968d-b98a0e286c43		flashcard	0	0	0	2025-08-30 03:33:55.636+00	2025-08-30 03:33:55.636+00	2025-08-30 03:33:55.636+00
ad2b0279-f810-41b4-a75c-d97717b4fc3a	3b5b2498-86ed-4ed8-968d-b98a0e286c43		flashcard	0	0	0	2025-08-30 03:42:47.598+00	2025-08-30 03:42:47.598+00	2025-08-30 03:42:47.598+00
4b145727-dcd4-4c69-9006-cbb8474d67af	cf4c8052-b87b-41f8-90bd-4ff01118ab18		flashcard	0	0	0	2025-08-30 08:01:00.729+00	2025-08-30 08:01:00.729+00	2025-08-30 08:01:00.729+00
0274982a-1f18-496f-8b23-54201834d83e	3b5b2498-86ed-4ed8-968d-b98a0e286c43		flashcard	0	0	0	2025-08-30 09:42:39.518+00	2025-08-30 09:42:39.518+00	2025-08-30 09:42:39.519+00
32d4df3e-ad1e-4f51-a494-9cc532450e3d	3b5b2498-86ed-4ed8-968d-b98a0e286c43		flashcard	0	0	0	2025-08-30 09:55:43.948+00	2025-08-30 09:55:43.95+00	2025-08-30 09:55:43.95+00
a2996128-be3f-4b8b-a606-95c2a3b9d8c4	3b5b2498-86ed-4ed8-968d-b98a0e286c43		flashcard	0	0	0	2025-08-30 09:55:56.581+00	2025-08-30 09:55:56.581+00	2025-08-30 09:55:56.581+00
3c99bcab-b696-40cb-b58f-4777ed4abc3e	3b5b2498-86ed-4ed8-968d-b98a0e286c43		flashcard	0	0	0	2025-08-30 10:00:51.653+00	2025-08-30 10:00:51.653+00	2025-08-30 10:00:51.653+00
1d3c3047-dd63-40c0-ab28-a0370dac9525	cf4c8052-b87b-41f8-90bd-4ff01118ab18		flashcard	0	0	0	2025-09-04 11:20:49.944+00	2025-09-04 11:20:49.944+00	2025-09-04 11:20:49.945+00
20161489-c9ee-411f-b04f-50f05e45b3e4	cf4c8052-b87b-41f8-90bd-4ff01118ab18		flashcard	0	0	0	2025-09-04 11:20:54.112+00	2025-09-04 11:20:54.112+00	2025-09-04 11:20:54.112+00
a307acee-fd7f-4268-86b8-2af7d27cc156	cf4c8052-b87b-41f8-90bd-4ff01118ab18		flashcard	0	0	0	2025-09-04 11:21:18.193+00	2025-09-04 11:21:18.193+00	2025-09-04 11:21:18.194+00
d4880119-781f-4aa1-90b9-c92070bd8c20	cf4c8052-b87b-41f8-90bd-4ff01118ab18		flashcard	0	0	0	2025-09-04 11:22:10.208+00	2025-09-04 11:22:10.208+00	2025-09-04 11:22:10.208+00
729451fd-f00d-4446-a252-791f9808d000	cf4c8052-b87b-41f8-90bd-4ff01118ab18		flashcard	0	0	0	2025-09-04 11:22:30.709+00	2025-09-04 11:22:30.709+00	2025-09-04 11:22:30.709+00
6193e8d7-3a4a-4606-949e-f820030a2f36	3e79da44-bdb3-4518-9651-6cca4bf1d4e8		flashcard	0	0	0	2025-09-06 11:01:25.124+00	2025-09-06 11:01:25.124+00	2025-09-06 11:01:25.124+00
4d2dca10-a216-403a-92a9-309d3a5a9241	3e79da44-bdb3-4518-9651-6cca4bf1d4e8		flashcard	0	0	0	2025-09-07 08:53:20.775+00	2025-09-07 08:53:20.775+00	2025-09-07 08:53:20.775+00
4e995322-e6a3-412f-9fc5-e212e461cda8	3e79da44-bdb3-4518-9651-6cca4bf1d4e8		flashcard	0	0	0	2025-09-07 08:53:26.196+00	2025-09-07 08:53:26.196+00	2025-09-07 08:53:26.196+00
b90e8d2a-a350-4a33-814a-8176cb5ec4f0	3e79da44-bdb3-4518-9651-6cca4bf1d4e8		flashcard	0	0	0	2025-09-07 11:10:54.579+00	2025-09-07 11:10:54.579+00	2025-09-07 11:10:54.579+00
5788144a-cd1d-414d-9eff-630fd5a727ed	3e79da44-bdb3-4518-9651-6cca4bf1d4e8	%E5%8F%A5%E5%8B%95%E8%A9%9E	flashcard	0	0	0	2025-09-07 14:10:17.517+00	2025-09-07 14:10:17.517+00	2025-09-07 14:10:17.517+00
771cb374-24ea-4820-9e2a-29e00048e636	3e79da44-bdb3-4518-9651-6cca4bf1d4e8	%E5%8F%A5%E5%8B%95%E8%A9%9E	flashcard	0	0	0	2025-09-07 14:10:22.778+00	2025-09-07 14:10:22.778+00	2025-09-07 14:10:22.778+00
\.


--
-- Data for Name: system_settings; Type: TABLE DATA; Schema: public; Owner: postgres
--

COPY "public"."system_settings" ("id", "key", "value", "description", "category", "is_public", "updated_by", "created_at", "updated_at") FROM stdin;
\.


--
-- Data for Name: trivia; Type: TABLE DATA; Schema: public; Owner: postgres
--

COPY "public"."trivia" ("id", "word_id", "category", "question", "correct_answer", "wrong_answers", "explanation", "difficulty_level", "is_featured", "created_at", "updated_at") FROM stdin;
\.


--
-- Data for Name: user_profiles; Type: TABLE DATA; Schema: public; Owner: postgres
--

COPY "public"."user_profiles" ("id", "user_id", "display_name", "avatar_url", "bio", "study_goal", "preferred_language", "timezone", "notification_settings", "study_streak", "last_study_date", "created_at", "updated_at") FROM stdin;
\.


--
-- Data for Name: user_progress; Type: TABLE DATA; Schema: public; Owner: postgres
--

COPY "public"."user_progress" ("id", "user_id", "word_id", "mastery_level", "study_count", "correct_count", "incorrect_count", "last_studied", "is_favorite", "created_at", "updated_at") FROM stdin;
\.


--
-- Data for Name: user_trivia_progress; Type: TABLE DATA; Schema: public; Owner: postgres
--

COPY "public"."user_trivia_progress" ("id", "user_id", "trivia_id", "is_correct", "attempts", "is_bookmarked", "created_at", "updated_at") FROM stdin;
\.


--
-- Data for Name: buckets; Type: TABLE DATA; Schema: storage; Owner: supabase_storage_admin
--

COPY "storage"."buckets" ("id", "name", "owner", "created_at", "updated_at", "public", "avif_autodetection", "file_size_limit", "allowed_mime_types", "owner_id", "type") FROM stdin;
se	se	\N	2025-07-27 11:29:04.682156+00	2025-07-27 11:29:04.682156+00	t	f	52428800	{audio/*}	\N	STANDARD
audio-files	audio-files	\N	2025-07-25 16:56:13.378037+00	2025-07-25 16:56:13.378037+00	t	f	\N	\N	\N	STANDARD
test	test	\N	2025-08-13 11:05:40.379048+00	2025-08-13 11:05:40.379048+00	t	f	\N	\N	\N	STANDARD
\.


--
-- Data for Name: buckets_analytics; Type: TABLE DATA; Schema: storage; Owner: supabase_storage_admin
--

COPY "storage"."buckets_analytics" ("id", "type", "format", "created_at", "updated_at") FROM stdin;
\.


--
-- Data for Name: objects; Type: TABLE DATA; Schema: storage; Owner: supabase_storage_admin
--

COPY "storage"."objects" ("id", "bucket_id", "name", "owner", "created_at", "updated_at", "last_accessed_at", "metadata", "version", "owner_id", "user_metadata", "level") FROM stdin;
a9ecdb54-42b4-4619-9ee1-3d64c39309a6	audio-files	break up/.keep.mp3	\N	2025-08-11 13:12:36.409923+00	2025-08-22 06:04:33.190053+00	2025-08-11 13:12:36.409923+00	{"eTag": "\\"cfcd208495d565ef66e7dff9f98764da\\"", "size": 1, "mimetype": "audio/mpeg", "cacheControl": "max-age=3600", "lastModified": "2025-08-11T13:12:37.000Z", "contentLength": 1, "httpStatusCode": 200}	ce8a6925-2449-47e1-a787-ced04d1c0091	\N	{}	2
c9c8337e-c568-4714-91db-05a7a55fa329	audio-files	carry on/.keep.mp3	\N	2025-08-11 13:12:36.609491+00	2025-08-22 06:04:33.190053+00	2025-08-11 13:12:36.609491+00	{"eTag": "\\"cfcd208495d565ef66e7dff9f98764da\\"", "size": 1, "mimetype": "audio/mpeg", "cacheControl": "max-age=3600", "lastModified": "2025-08-11T13:12:37.000Z", "contentLength": 1, "httpStatusCode": 200}	487e9349-af0c-47fa-a176-82e1f160a75d	\N	{}	2
bd93c4b3-7f7d-4f6b-9700-136e0b409d6d	audio-files	catch up/.keep.mp3	\N	2025-08-11 13:12:36.809199+00	2025-08-22 06:04:33.190053+00	2025-08-11 13:12:36.809199+00	{"eTag": "\\"cfcd208495d565ef66e7dff9f98764da\\"", "size": 1, "mimetype": "audio/mpeg", "cacheControl": "max-age=3600", "lastModified": "2025-08-11T13:12:37.000Z", "contentLength": 1, "httpStatusCode": 200}	ee0c5bc0-adb0-4766-9103-d79d8d3560e2	\N	{}	2
00f0ec5d-2dc7-40a7-b87d-f3008d477b88	audio-files	catch up/example003.mp3	\N	2025-08-11 13:41:07.713635+00	2025-08-22 06:04:33.190053+00	2025-08-11 13:41:07.713635+00	{"eTag": "\\"f41f56c43d1232075c3f5d4e1f5dc6c0-1\\"", "size": 44973, "mimetype": "audio/mpeg", "cacheControl": "max-age=3600", "lastModified": "2025-08-11T13:41:07.000Z", "contentLength": 44973, "httpStatusCode": 200}	7cd5af0f-0987-475f-af3c-ef22b2f17511	\N	\N	2
29a1f96a-14ab-41ae-9a51-e53820968c01	audio-files	check out/.keep.mp3	\N	2025-08-11 13:12:37.025758+00	2025-08-22 06:04:33.190053+00	2025-08-11 13:12:37.025758+00	{"eTag": "\\"cfcd208495d565ef66e7dff9f98764da\\"", "size": 1, "mimetype": "audio/mpeg", "cacheControl": "max-age=3600", "lastModified": "2025-08-11T13:12:37.000Z", "contentLength": 1, "httpStatusCode": 200}	5fd7b4de-8272-453e-80a5-a61b846799a0	\N	{}	2
a5827a76-09cd-446a-bee7-ec466dd4886c	audio-files	break up/example001.mp3	\N	2025-08-11 13:40:23.130241+00	2025-08-22 06:04:33.190053+00	2025-08-11 13:40:23.130241+00	{"eTag": "\\"fe8aa9de9d2cdeab6ffa63656805218c-1\\"", "size": 41517, "mimetype": "audio/mpeg", "cacheControl": "max-age=3600", "lastModified": "2025-08-11T13:40:23.000Z", "contentLength": 41517, "httpStatusCode": 200}	2f8fa4c7-f7bd-4f3a-9181-7751a75fb7ba	\N	\N	2
b239b0a3-064b-4516-86e4-c1e8f93ba9e8	audio-files	carry on/example001.mp3	\N	2025-08-11 13:39:03.860872+00	2025-08-22 06:04:33.190053+00	2025-08-11 13:39:03.860872+00	{"eTag": "\\"e0c4b60ee1f153c76e495136105358d2-1\\"", "size": 43821, "mimetype": "audio/mpeg", "cacheControl": "max-age=3600", "lastModified": "2025-08-11T13:39:04.000Z", "contentLength": 43821, "httpStatusCode": 200}	b461499e-15f0-4759-80ae-ac245fd02832	\N	\N	2
117c0c91-2b4e-4a99-8725-768ca4d6e07f	audio-files	carry on/example002.mp3	\N	2025-08-11 13:39:03.82446+00	2025-08-22 06:04:33.190053+00	2025-08-11 13:39:03.82446+00	{"eTag": "\\"e4e9c2d14c82906ac044fa6d177c8668-1\\"", "size": 42669, "mimetype": "audio/mpeg", "cacheControl": "max-age=3600", "lastModified": "2025-08-11T13:39:04.000Z", "contentLength": 42669, "httpStatusCode": 200}	744768ea-ab41-42ec-ad92-aefae56462fe	\N	\N	2
5dd8c917-d143-4f27-9356-f07ee329c102	audio-files	break up/example002.mp3	\N	2025-08-11 13:40:22.938334+00	2025-08-22 06:04:33.190053+00	2025-08-11 13:40:22.938334+00	{"eTag": "\\"b1a79977d00acf7b6b9f78af65b96af8-1\\"", "size": 41517, "mimetype": "audio/mpeg", "cacheControl": "max-age=3600", "lastModified": "2025-08-11T13:40:23.000Z", "contentLength": 41517, "httpStatusCode": 200}	3685c008-fd26-4007-8619-4c259ee276eb	\N	\N	2
47a819c3-2635-45c7-85b1-f2f786c6f17b	audio-files	carry on/example003.mp3	\N	2025-08-11 13:39:04.147935+00	2025-08-22 06:04:33.190053+00	2025-08-11 13:39:04.147935+00	{"eTag": "\\"f731158f3680a46be5f8acb2e212f522-1\\"", "size": 51885, "mimetype": "audio/mpeg", "cacheControl": "max-age=3600", "lastModified": "2025-08-11T13:39:04.000Z", "contentLength": 51885, "httpStatusCode": 200}	e2cdd0a4-0ef2-499e-bcd2-2f4e657a9b01	\N	\N	2
83c03374-5fe7-4479-a237-0a1504bdeb88	audio-files	catch up/example001.mp3	\N	2025-08-11 13:41:07.675678+00	2025-08-22 06:04:33.190053+00	2025-08-11 13:41:07.675678+00	{"eTag": "\\"a2318121ce229b961036957fb4a0a9cc-1\\"", "size": 48429, "mimetype": "audio/mpeg", "cacheControl": "max-age=3600", "lastModified": "2025-08-11T13:41:07.000Z", "contentLength": 48429, "httpStatusCode": 200}	f960f5b7-41b8-4cc6-8cbb-45e221f07f53	\N	\N	2
29eea0cf-ece6-432a-a9c2-f674ff6bc511	audio-files	catch up/example002.mp3	\N	2025-08-11 13:41:07.516538+00	2025-08-22 06:04:33.190053+00	2025-08-11 13:41:07.516538+00	{"eTag": "\\"fbf32172c3671feda23b0a05a96d0592-1\\"", "size": 53037, "mimetype": "audio/mpeg", "cacheControl": "max-age=3600", "lastModified": "2025-08-11T13:41:07.000Z", "contentLength": 53037, "httpStatusCode": 200}	2a1957b1-dae4-46f0-8237-678d6ebf7835	\N	\N	2
a81fdc38-a682-460b-94ae-99bd845a210c	audio-files	break up/example003.mp3	\N	2025-08-11 13:40:23.184474+00	2025-08-22 06:04:33.190053+00	2025-08-11 13:40:23.184474+00	{"eTag": "\\"cbe4b07c58aa1f229cbc0b23ac39d715-1\\"", "size": 44973, "mimetype": "audio/mpeg", "cacheControl": "max-age=3600", "lastModified": "2025-08-11T13:40:23.000Z", "contentLength": 44973, "httpStatusCode": 200}	2a683a20-401e-4b96-a69d-1d806b1d04d1	\N	\N	2
dd728b07-667d-4df0-b3c2-c939da3332eb	audio-files	check out/example001.mp3	\N	2025-08-11 13:37:44.17263+00	2025-08-22 06:04:33.190053+00	2025-08-11 13:37:44.17263+00	{"eTag": "\\"7700651f3b3faef036fabfb6383b61eb-1\\"", "size": 44973, "mimetype": "audio/mpeg", "cacheControl": "max-age=3600", "lastModified": "2025-08-11T13:37:44.000Z", "contentLength": 44973, "httpStatusCode": 200}	26a3e55b-1df4-4bc6-9e64-4d1c65fab030	\N	\N	2
3cc0009c-2ef5-4069-97bb-510d1a6274e2	se	collect.mp3	\N	2025-07-27 11:35:56.239236+00	2025-08-22 06:04:33.190053+00	2025-07-27 11:35:56.239236+00	{"eTag": "\\"15e091ac25c309caed40ebb5feac6afb-1\\"", "size": 26400, "mimetype": "audio/mpeg", "cacheControl": "max-age=3600", "lastModified": "2025-07-27T11:35:56.000Z", "contentLength": 26400, "httpStatusCode": 200}	2f3ec126-59f4-491f-a4f5-ee45fcd85445	\N	\N	1
c4f2bb6a-f8a2-42f5-80ed-d491174ba567	audio-files	come in/.keep.mp3	\N	2025-08-11 13:12:37.241097+00	2025-08-22 06:04:33.190053+00	2025-08-11 13:12:37.241097+00	{"eTag": "\\"cfcd208495d565ef66e7dff9f98764da\\"", "size": 1, "mimetype": "audio/mpeg", "cacheControl": "max-age=3600", "lastModified": "2025-08-11T13:12:38.000Z", "contentLength": 1, "httpStatusCode": 200}	5d8f4e89-71c0-45dd-950f-3a05c8a03214	\N	{}	2
29b934e3-9d5c-4b2f-8036-af0ef557b862	audio-files	check out/example002.mp3	\N	2025-08-11 13:37:44.136486+00	2025-08-22 06:04:33.190053+00	2025-08-11 13:37:44.136486+00	{"eTag": "\\"e324c32783032c5a38a0a5e147f531d4-1\\"", "size": 41517, "mimetype": "audio/mpeg", "cacheControl": "max-age=3600", "lastModified": "2025-08-11T13:37:44.000Z", "contentLength": 41517, "httpStatusCode": 200}	81f81020-4fcb-4e48-9325-f1c21a919327	\N	\N	2
2eae6023-40e0-42b7-8f57-457b50558742	audio-files	come in/example001.mp3	\N	2025-08-11 13:36:56.305056+00	2025-08-22 06:04:33.190053+00	2025-08-11 13:36:56.305056+00	{"eTag": "\\"551ce1ff88f93444ed4d36b982be2918-1\\"", "size": 34029, "mimetype": "audio/mpeg", "cacheControl": "max-age=3600", "lastModified": "2025-08-11T13:36:56.000Z", "contentLength": 34029, "httpStatusCode": 200}	db65225a-015d-46cd-bdd6-52b533b97156	\N	\N	2
ddef184a-246e-4949-938f-80379a1cc42f	audio-files	check out/example003.mp3	\N	2025-08-11 13:37:44.142698+00	2025-08-22 06:04:33.190053+00	2025-08-11 13:37:44.142698+00	{"eTag": "\\"bfb4883e08dfb39c3484c13aa67834e8-1\\"", "size": 50733, "mimetype": "audio/mpeg", "cacheControl": "max-age=3600", "lastModified": "2025-08-11T13:37:44.000Z", "contentLength": 50733, "httpStatusCode": 200}	905022a2-dda5-4fc2-9a5e-2d5925fd171f	\N	\N	2
f849afb9-e7eb-4d3b-ae9f-3cf8b5514151	audio-files	come in/example002.mp3	\N	2025-08-11 13:36:56.267627+00	2025-08-22 06:04:33.190053+00	2025-08-11 13:36:56.267627+00	{"eTag": "\\"2fe35251e06000c630bc2c1de4f284ce-1\\"", "size": 57069, "mimetype": "audio/mpeg", "cacheControl": "max-age=3600", "lastModified": "2025-08-11T13:36:56.000Z", "contentLength": 57069, "httpStatusCode": 200}	d3333711-7930-458f-9c5b-8a28cd7fa1a2	\N	\N	2
2cb1e4e5-22e3-429d-82ce-1876cf0d28c8	audio-files	come in/example003.mp3	\N	2025-08-11 13:36:56.291667+00	2025-08-22 06:04:33.190053+00	2025-08-11 13:36:56.291667+00	{"eTag": "\\"38d6c805fc9321a932ed9fac25e3aace-1\\"", "size": 41517, "mimetype": "audio/mpeg", "cacheControl": "max-age=3600", "lastModified": "2025-08-11T13:36:56.000Z", "contentLength": 41517, "httpStatusCode": 200}	f60a55d8-684b-4473-b564-96126b9153d4	\N	\N	2
a115673f-b871-4fc0-afb4-654abffea8be	se	error.mp3	\N	2025-07-27 11:36:08.820679+00	2025-08-22 06:04:33.190053+00	2025-07-27 11:36:08.820679+00	{"eTag": "\\"ad7f61c87dc03521f45e8ae0d3336fe7-1\\"", "size": 32600, "mimetype": "audio/mpeg", "cacheControl": "max-age=3600", "lastModified": "2025-07-27T11:36:08.000Z", "contentLength": 32600, "httpStatusCode": 200}	fe4e2d47-cac5-407a-98f0-276778ea8a79	\N	\N	1
5ac7b4fe-3273-4c06-bedc-4e539c645051	audio-files	find out/.keep.mp3	\N	2025-08-11 13:12:37.429041+00	2025-08-22 06:04:33.190053+00	2025-08-11 13:12:37.429041+00	{"eTag": "\\"cfcd208495d565ef66e7dff9f98764da\\"", "size": 1, "mimetype": "audio/mpeg", "cacheControl": "max-age=3600", "lastModified": "2025-08-11T13:12:38.000Z", "contentLength": 1, "httpStatusCode": 200}	e60e4e34-3068-4f72-b62a-cce7452218b9	\N	{}	2
29167e3a-9156-42d1-a7f7-bedf67223b2a	audio-files	find out/example001.mp3	\N	2025-08-11 13:33:58.252613+00	2025-08-22 06:04:33.190053+00	2025-08-11 13:33:58.252613+00	{"eTag": "\\"4c5023f6c78b742d5c398308819728b3-1\\"", "size": 38061, "mimetype": "audio/mpeg", "cacheControl": "max-age=3600", "lastModified": "2025-08-11T13:33:58.000Z", "contentLength": 38061, "httpStatusCode": 200}	8aa783a8-379c-4b28-ada1-af84cc8e9b7b	\N	\N	2
7e8ab004-5d8a-4e2e-9f7d-204b56050363	audio-files	find out/example002.mp3	\N	2025-08-11 13:33:58.096238+00	2025-08-22 06:04:33.190053+00	2025-08-11 13:33:58.096238+00	{"eTag": "\\"fa6e65cb87d070b0d34f8aa327c706ef-1\\"", "size": 55917, "mimetype": "audio/mpeg", "cacheControl": "max-age=3600", "lastModified": "2025-08-11T13:33:58.000Z", "contentLength": 55917, "httpStatusCode": 200}	353b9158-1570-4881-a5ce-2d02582c6e88	\N	\N	2
27c31a4c-c42c-4786-8284-6209199075d2	audio-files	find out/example003.mp3	\N	2025-08-11 13:33:58.196413+00	2025-08-22 06:04:33.190053+00	2025-08-11 13:33:58.196413+00	{"eTag": "\\"fc6a4a7b74b5942826694abd53678a85-1\\"", "size": 53037, "mimetype": "audio/mpeg", "cacheControl": "max-age=3600", "lastModified": "2025-08-11T13:33:58.000Z", "contentLength": 53037, "httpStatusCode": 200}	5e2b5c8d-e16f-4843-ae07-e29472ee5cea	\N	\N	2
887598e6-f17c-428e-b972-882ae8c33c4a	audio-files	get along/.keep.mp3	\N	2025-08-11 13:12:37.57872+00	2025-08-22 06:04:33.190053+00	2025-08-11 13:12:37.57872+00	{"eTag": "\\"cfcd208495d565ef66e7dff9f98764da\\"", "size": 1, "mimetype": "audio/mpeg", "cacheControl": "max-age=3600", "lastModified": "2025-08-11T13:12:38.000Z", "contentLength": 1, "httpStatusCode": 200}	5795d938-ecc1-497f-8c74-608ace5d0c0b	\N	{}	2
572d99ef-84c2-40a4-9878-c816481a30c8	audio-files	get along/example001.mp3	\N	2025-08-11 13:39:19.918045+00	2025-08-22 06:04:33.190053+00	2025-08-11 13:39:19.918045+00	{"eTag": "\\"5a8a991a8c4f5fad57326707ac4d8f92-1\\"", "size": 38061, "mimetype": "audio/mpeg", "cacheControl": "max-age=3600", "lastModified": "2025-08-11T13:39:20.000Z", "contentLength": 38061, "httpStatusCode": 200}	1f198e97-21eb-436d-b4d7-f32ee493d643	\N	\N	2
717eab1c-f9dc-4119-b0c1-f7afb1bc8b1d	audio-files	get along/example002.mp3	\N	2025-08-11 13:39:19.994227+00	2025-08-22 06:04:33.190053+00	2025-08-11 13:39:19.994227+00	{"eTag": "\\"9019addf06420fdd2b0098908cf4fb27-1\\"", "size": 53613, "mimetype": "audio/mpeg", "cacheControl": "max-age=3600", "lastModified": "2025-08-11T13:39:20.000Z", "contentLength": 53613, "httpStatusCode": 200}	a21e0020-563a-4a72-8aed-4519c1abcb1d	\N	\N	2
7ee2978a-6cc6-4151-b7bd-355cb748c21a	audio-files	get along/example003.mp3	\N	2025-08-11 13:39:19.98703+00	2025-08-22 06:04:33.190053+00	2025-08-11 13:39:19.98703+00	{"eTag": "\\"f62616a24a90f2a9aad7df50b171b87b-1\\"", "size": 49581, "mimetype": "audio/mpeg", "cacheControl": "max-age=3600", "lastModified": "2025-08-11T13:39:20.000Z", "contentLength": 49581, "httpStatusCode": 200}	2b24dac9-c976-47f8-b438-f171c785eec8	\N	\N	2
cc126c62-636d-46f9-86e7-81e42dde92cd	audio-files	get in/.keep.mp3	\N	2025-08-11 13:12:37.785341+00	2025-08-22 06:04:33.190053+00	2025-08-11 13:12:37.785341+00	{"eTag": "\\"cfcd208495d565ef66e7dff9f98764da\\"", "size": 1, "mimetype": "audio/mpeg", "cacheControl": "max-age=3600", "lastModified": "2025-08-11T13:12:38.000Z", "contentLength": 1, "httpStatusCode": 200}	23059481-c12b-4bb4-86b5-0998a77263d8	\N	{}	2
bb9d9fb9-b545-4897-aa3c-c7f18e4756de	audio-files	get in/example001.mp3	\N	2025-08-11 13:37:06.624003+00	2025-08-22 06:04:33.190053+00	2025-08-11 13:37:06.624003+00	{"eTag": "\\"df414a387e56bc7eed67d79ad5924b08-1\\"", "size": 34029, "mimetype": "audio/mpeg", "cacheControl": "max-age=3600", "lastModified": "2025-08-11T13:37:07.000Z", "contentLength": 34029, "httpStatusCode": 200}	886520cb-d0d1-47ea-85d4-2e54151afd5d	\N	\N	2
54b38d79-cbda-4df7-910c-21fee4f913bd	audio-files	get in/example002.mp3	\N	2025-08-11 13:37:06.863774+00	2025-08-22 06:04:33.190053+00	2025-08-11 13:37:06.863774+00	{"eTag": "\\"a12753cedfdc599a87be056daca9de31-1\\"", "size": 39213, "mimetype": "audio/mpeg", "cacheControl": "max-age=3600", "lastModified": "2025-08-11T13:37:07.000Z", "contentLength": 39213, "httpStatusCode": 200}	d7fb04a5-086f-492a-8379-2c1416afe64d	\N	\N	2
0894ad02-57bd-4276-ae2d-cfb6888f6ec8	audio-files	get in/example003.mp3	\N	2025-08-11 13:37:06.94407+00	2025-08-22 06:04:33.190053+00	2025-08-11 13:37:06.94407+00	{"eTag": "\\"a2d8e3fca99d13f0e7201798d56c7c3f-1\\"", "size": 47277, "mimetype": "audio/mpeg", "cacheControl": "max-age=3600", "lastModified": "2025-08-11T13:37:07.000Z", "contentLength": 47277, "httpStatusCode": 200}	11f586b9-c4fd-4e85-9df6-a478a483aae1	\N	\N	2
5d3adaaf-79f6-4d13-b3de-4deefbbae9f5	audio-files	get out/.keep.mp3	\N	2025-08-11 13:12:37.980791+00	2025-08-22 06:04:33.190053+00	2025-08-11 13:12:37.980791+00	{"eTag": "\\"cfcd208495d565ef66e7dff9f98764da\\"", "size": 1, "mimetype": "audio/mpeg", "cacheControl": "max-age=3600", "lastModified": "2025-08-11T13:12:38.000Z", "contentLength": 1, "httpStatusCode": 200}	bbcf5fee-6b7b-4f64-95c7-8c3b237da2e6	\N	{}	2
b9227ba6-c7b7-4436-b3e4-3b5dcb42d5ac	audio-files	get out/example001.mp3	\N	2025-08-11 13:37:16.669918+00	2025-08-22 06:04:33.190053+00	2025-08-11 13:37:16.669918+00	{"eTag": "\\"b95cfbb1301d7efdc5db3127a879d9f8-1\\"", "size": 38061, "mimetype": "audio/mpeg", "cacheControl": "max-age=3600", "lastModified": "2025-08-11T13:37:17.000Z", "contentLength": 38061, "httpStatusCode": 200}	c8603894-c265-4610-b204-6e91f2f475fb	\N	\N	2
d86da5d7-0b12-41d0-b47e-f46efb06247d	audio-files	get out/example002.mp3	\N	2025-08-11 13:37:16.688084+00	2025-08-22 06:04:33.190053+00	2025-08-11 13:37:16.688084+00	{"eTag": "\\"ea4dc421561222395c0740f7bf142cdd-1\\"", "size": 43821, "mimetype": "audio/mpeg", "cacheControl": "max-age=3600", "lastModified": "2025-08-11T13:37:17.000Z", "contentLength": 43821, "httpStatusCode": 200}	7d9019e6-8ce4-48b9-a4f6-64a4128e945b	\N	\N	2
28d49d64-39d1-4f0a-95ec-e7a4a27e4c82	audio-files	get out/example003.mp3	\N	2025-08-11 13:37:16.700386+00	2025-08-22 06:04:33.190053+00	2025-08-11 13:37:16.700386+00	{"eTag": "\\"5d38fc8f75f7c270b47c6ec489b245e2-1\\"", "size": 51885, "mimetype": "audio/mpeg", "cacheControl": "max-age=3600", "lastModified": "2025-08-11T13:37:17.000Z", "contentLength": 51885, "httpStatusCode": 200}	3b4d2bce-6be4-4baf-a402-906474924f1d	\N	\N	2
f9bafea8-02b7-447d-b6b9-c9475a3418b1	audio-files	get up/.keep.mp3	\N	2025-08-11 13:12:38.166926+00	2025-08-22 06:04:33.190053+00	2025-08-11 13:12:38.166926+00	{"eTag": "\\"cfcd208495d565ef66e7dff9f98764da\\"", "size": 1, "mimetype": "audio/mpeg", "cacheControl": "max-age=3600", "lastModified": "2025-08-11T13:12:39.000Z", "contentLength": 1, "httpStatusCode": 200}	c0a17c88-a1d9-4cad-ac58-50f1b7edd6aa	\N	{}	2
f5e5cf88-5539-4aa3-b9d4-795beb3b24e4	audio-files	get up/example001.mp3	\N	2025-08-11 13:34:31.170154+00	2025-08-22 06:04:33.190053+00	2025-08-11 13:34:31.170154+00	{"eTag": "\\"90682042e8995dc55c7c47d235ecfac8-1\\"", "size": 41517, "mimetype": "audio/mpeg", "cacheControl": "max-age=3600", "lastModified": "2025-08-11T13:34:31.000Z", "contentLength": 41517, "httpStatusCode": 200}	6553399e-e65f-41df-886d-7b1f80a66143	\N	\N	2
f3c13109-fef7-47e1-92c8-c61c8437b5f6	audio-files	get up/example002.mp3	\N	2025-08-11 13:34:31.093526+00	2025-08-22 06:04:33.190053+00	2025-08-11 13:34:31.093526+00	{"eTag": "\\"9b01d33d217bbbc5b46e379da621d68b-1\\"", "size": 57069, "mimetype": "audio/mpeg", "cacheControl": "max-age=3600", "lastModified": "2025-08-11T13:34:31.000Z", "contentLength": 57069, "httpStatusCode": 200}	3af7d3c2-200b-4313-b0ca-ec102f2b1f4f	\N	\N	2
c1f702ee-c59b-4a2c-8f5e-0c7ed24ea3e9	audio-files	get up/example003.mp3	\N	2025-08-11 13:34:31.160469+00	2025-08-22 06:04:33.190053+00	2025-08-11 13:34:31.160469+00	{"eTag": "\\"9aa35f5b65266e968728d38a78e3cfad-1\\"", "size": 44973, "mimetype": "audio/mpeg", "cacheControl": "max-age=3600", "lastModified": "2025-08-11T13:34:31.000Z", "contentLength": 44973, "httpStatusCode": 200}	31273075-46af-4c4f-9d4c-84e8834b51b3	\N	\N	2
25686755-1bd8-4cf2-8db3-40c916a44ba7	audio-files	give up/.keep.mp3	\N	2025-08-11 13:12:38.357276+00	2025-08-22 06:04:33.190053+00	2025-08-11 13:12:38.357276+00	{"eTag": "\\"cfcd208495d565ef66e7dff9f98764da\\"", "size": 1, "mimetype": "audio/mpeg", "cacheControl": "max-age=3600", "lastModified": "2025-08-11T13:12:39.000Z", "contentLength": 1, "httpStatusCode": 200}	8504eef6-dc3c-48d7-871e-2e05352793ff	\N	{}	2
0fce4e7b-84b6-4c20-a1ad-76fd989b05c2	audio-files	give up/example001.mp3	\N	2025-08-11 13:34:56.490649+00	2025-08-22 06:04:33.190053+00	2025-08-11 13:34:56.490649+00	{"eTag": "\\"68c51ba72f2b50064e57f374f0a59406-1\\"", "size": 41517, "mimetype": "audio/mpeg", "cacheControl": "max-age=3600", "lastModified": "2025-08-11T13:34:56.000Z", "contentLength": 41517, "httpStatusCode": 200}	b5d17d20-339e-40e5-8d0b-ea11effba2cd	\N	\N	2
a03a077a-3bfa-4685-8e87-2499b7643708	audio-files	give up/example002.mp3	\N	2025-08-11 13:34:56.588594+00	2025-08-22 06:04:33.190053+00	2025-08-11 13:34:56.588594+00	{"eTag": "\\"6df8e96a4afdfdf053ec1b1f60058d44-1\\"", "size": 32877, "mimetype": "audio/mpeg", "cacheControl": "max-age=3600", "lastModified": "2025-08-11T13:34:56.000Z", "contentLength": 32877, "httpStatusCode": 200}	0d5c633e-160d-4804-8f6a-2c0d4c6a9438	\N	\N	2
a9505963-020f-449e-9503-eceeab7c8324	audio-files	give up/example003.mp3	\N	2025-08-11 13:34:56.744391+00	2025-08-22 06:04:33.190053+00	2025-08-11 13:34:56.744391+00	{"eTag": "\\"e18ae6de28cb92d73c8c63b0407bb825-1\\"", "size": 54765, "mimetype": "audio/mpeg", "cacheControl": "max-age=3600", "lastModified": "2025-08-11T13:34:56.000Z", "contentLength": 54765, "httpStatusCode": 200}	b796c570-b797-4e59-bdd9-58f6da1184fd	\N	\N	2
17d43220-060b-43a8-a20b-a5d282c02f1d	audio-files	give up/word.mp3	\N	2025-08-13 11:42:59.325112+00	2025-08-22 06:04:33.190053+00	2025-08-13 11:42:59.325112+00	{"eTag": "\\"85984bbfc8f3ffbed101e9b811002b0e\\"", "size": 24813, "mimetype": "audio/mpeg", "cacheControl": "max-age=3600", "lastModified": "2025-08-13T12:02:12.000Z", "contentLength": 24813, "httpStatusCode": 200}	aed40d99-f7dd-4230-aeff-53e357d978cb	\N	{}	2
aa9aa67e-2228-4ba2-920d-30210bce9e30	audio-files	go out/.keep.mp3	\N	2025-08-11 13:12:38.595841+00	2025-08-22 06:04:33.190053+00	2025-08-11 13:12:38.595841+00	{"eTag": "\\"cfcd208495d565ef66e7dff9f98764da\\"", "size": 1, "mimetype": "audio/mpeg", "cacheControl": "max-age=3600", "lastModified": "2025-08-11T13:12:39.000Z", "contentLength": 1, "httpStatusCode": 200}	317da851-0054-4406-8e31-f9170a89d661	\N	{}	2
5d6b1c61-a49e-4f74-a7d2-88884475138c	audio-files	go out/example001.mp3	\N	2025-08-11 13:36:23.645469+00	2025-08-22 06:04:33.190053+00	2025-08-11 13:36:23.645469+00	{"eTag": "\\"960f84a32daa18a27bb21ba474d8e53b-1\\"", "size": 41517, "mimetype": "audio/mpeg", "cacheControl": "max-age=3600", "lastModified": "2025-08-11T13:36:24.000Z", "contentLength": 41517, "httpStatusCode": 200}	80e65a4f-68a7-4d44-8aec-725455cedecf	\N	\N	2
6b3436fc-c25a-4b6f-a7b4-b3658c01ec81	audio-files	go out/example002.mp3	\N	2025-08-11 13:36:23.62151+00	2025-08-22 06:04:33.190053+00	2025-08-11 13:36:23.62151+00	{"eTag": "\\"f0babe787584f2e659527ece09ab5d00-1\\"", "size": 38061, "mimetype": "audio/mpeg", "cacheControl": "max-age=3600", "lastModified": "2025-08-11T13:36:23.000Z", "contentLength": 38061, "httpStatusCode": 200}	b97efed6-f4bf-4ab8-8729-97d000797843	\N	\N	2
1ead882b-fad9-4c57-9d20-fe406caebbbe	audio-files	go out/example003.mp3	\N	2025-08-11 13:36:23.601915+00	2025-08-22 06:04:33.190053+00	2025-08-11 13:36:23.601915+00	{"eTag": "\\"6519b29e394b0eba6c8619ab0622d0fe-1\\"", "size": 35757, "mimetype": "audio/mpeg", "cacheControl": "max-age=3600", "lastModified": "2025-08-11T13:36:24.000Z", "contentLength": 35757, "httpStatusCode": 200}	942346ea-cb10-43d3-a0b9-c84740d009fa	\N	\N	2
3f459441-570c-4789-adf7-6c280d13b239	audio-files	go out/word.mp3	\N	2025-08-13 11:43:00.356212+00	2025-08-22 06:04:33.190053+00	2025-08-13 11:43:00.356212+00	{"eTag": "\\"88fca20460d581f892b920f7cc68b30c\\"", "size": 24813, "mimetype": "audio/mpeg", "cacheControl": "max-age=3600", "lastModified": "2025-08-13T15:00:42.000Z", "contentLength": 24813, "httpStatusCode": 200}	d6c6f1df-0afe-4db8-b348-bb8452505ed1	\N	{}	2
6ec0f353-f38d-467d-808b-17f84202dfcf	audio-files	hang out/.keep.mp3	\N	2025-08-11 13:12:38.93248+00	2025-08-22 06:04:33.190053+00	2025-08-11 13:12:38.93248+00	{"eTag": "\\"cfcd208495d565ef66e7dff9f98764da\\"", "size": 1, "mimetype": "audio/mpeg", "cacheControl": "max-age=3600", "lastModified": "2025-08-11T13:12:39.000Z", "contentLength": 1, "httpStatusCode": 200}	5b0f854d-f665-4b0c-99b2-df9c06ec74a6	\N	{}	2
c7d47ead-ec6c-4f09-8f47-12870922f908	audio-files	hang out/example001.mp3	\N	2025-08-11 13:37:28.077045+00	2025-08-22 06:04:33.190053+00	2025-08-11 13:37:28.077045+00	{"eTag": "\\"1cbccd649adaa2b664b42e17809ac039-1\\"", "size": 41517, "mimetype": "audio/mpeg", "cacheControl": "max-age=3600", "lastModified": "2025-08-11T13:37:28.000Z", "contentLength": 41517, "httpStatusCode": 200}	24f50fee-ebfe-4e4d-a964-720aabd71d76	\N	\N	2
03ea11b9-b039-463c-bac3-a27345e0df08	audio-files	hang out/example002.mp3	\N	2025-08-11 13:37:27.813968+00	2025-08-22 06:04:33.190053+00	2025-08-11 13:37:27.813968+00	{"eTag": "\\"f341e08b31f1db171d739d2da696ff60-1\\"", "size": 53037, "mimetype": "audio/mpeg", "cacheControl": "max-age=3600", "lastModified": "2025-08-11T13:37:28.000Z", "contentLength": 53037, "httpStatusCode": 200}	273aaa63-997a-43f6-ae8e-58076e2c231a	\N	\N	2
590bc0c2-6e6b-4229-9f12-8ed60a0d139e	audio-files	hang out/example003.mp3	\N	2025-08-11 13:37:27.998776+00	2025-08-22 06:04:33.190053+00	2025-08-11 13:37:27.998776+00	{"eTag": "\\"a3db2a6966cfee26d72ffc1466396392-1\\"", "size": 47277, "mimetype": "audio/mpeg", "cacheControl": "max-age=3600", "lastModified": "2025-08-11T13:37:28.000Z", "contentLength": 47277, "httpStatusCode": 200}	11526589-0d56-4261-ac74-7de9cde8c77c	\N	\N	2
3a193922-6753-4d15-a8da-4d9da57aefdd	audio-files	hold on/.keep.mp3	\N	2025-08-11 13:12:39.218428+00	2025-08-22 06:04:33.190053+00	2025-08-11 13:12:39.218428+00	{"eTag": "\\"cfcd208495d565ef66e7dff9f98764da\\"", "size": 1, "mimetype": "audio/mpeg", "cacheControl": "max-age=3600", "lastModified": "2025-08-11T13:12:40.000Z", "contentLength": 1, "httpStatusCode": 200}	1afc5e3d-2b52-4b56-858e-2ec2b2e2041f	\N	{}	2
a2d75d18-60f6-4d08-8644-2aeec5228236	audio-files	hold on/example001.mp3	\N	2025-08-11 13:38:42.911584+00	2025-08-22 06:04:33.190053+00	2025-08-11 13:38:42.911584+00	{"eTag": "\\"e8654aa4d82d2ad5037c80591e973b6f-1\\"", "size": 38061, "mimetype": "audio/mpeg", "cacheControl": "max-age=3600", "lastModified": "2025-08-11T13:38:43.000Z", "contentLength": 38061, "httpStatusCode": 200}	25d06c29-ad67-474c-bfc0-bc29810619d9	\N	\N	2
f7825477-f9e0-4de5-af32-0be0f0c09e94	audio-files	hold on/example002.mp3	\N	2025-08-11 13:38:42.899844+00	2025-08-22 06:04:33.190053+00	2025-08-11 13:38:42.899844+00	{"eTag": "\\"ffd832f9d8f6cfda73f135153d3f2789-1\\"", "size": 53037, "mimetype": "audio/mpeg", "cacheControl": "max-age=3600", "lastModified": "2025-08-11T13:38:43.000Z", "contentLength": 53037, "httpStatusCode": 200}	3ca8222f-6cfc-433c-8f9b-0d85ad8167c0	\N	\N	2
e359d565-318d-44bf-8d08-47fbb40da9a5	audio-files	hold on/example003.mp3	\N	2025-08-11 13:38:42.92393+00	2025-08-22 06:04:33.190053+00	2025-08-11 13:38:42.92393+00	{"eTag": "\\"f8f8876af0088903d50d01e7b95123ef-1\\"", "size": 57069, "mimetype": "audio/mpeg", "cacheControl": "max-age=3600", "lastModified": "2025-08-11T13:38:43.000Z", "contentLength": 57069, "httpStatusCode": 200}	ce7f8a4c-f0b6-4e63-8d48-a518c26810f9	\N	\N	2
c05b470b-5cd2-4c07-82e8-ee61663599be	audio-files	hold on/word.mp3	\N	2025-08-13 11:43:03.195371+00	2025-08-22 06:04:33.190053+00	2025-08-13 11:43:03.195371+00	{"eTag": "\\"d9e808b51c134e4e47248f6eee0aa5b8\\"", "size": 32877, "mimetype": "audio/mpeg", "cacheControl": "max-age=3600", "lastModified": "2025-08-13T12:02:46.000Z", "contentLength": 32877, "httpStatusCode": 200}	a18af154-cbec-482d-8a79-467e117dcef0	\N	{}	2
9611d97e-a4e9-42f2-913d-46a3de38252d	audio-files	keep up/.keep.mp3	\N	2025-08-11 13:12:39.477973+00	2025-08-22 06:04:33.190053+00	2025-08-11 13:12:39.477973+00	{"eTag": "\\"cfcd208495d565ef66e7dff9f98764da\\"", "size": 1, "mimetype": "audio/mpeg", "cacheControl": "max-age=3600", "lastModified": "2025-08-11T13:12:40.000Z", "contentLength": 1, "httpStatusCode": 200}	2f2bd3f0-b275-412b-b27c-bc7c5504d2a1	\N	{}	2
f713e796-ed65-4bed-abed-f4953b2f8bfc	audio-files	keep up/example001.mp3	\N	2025-08-11 13:41:28.547436+00	2025-08-22 06:04:33.190053+00	2025-08-11 13:41:28.547436+00	{"eTag": "\\"323eea1663899d9d418a7deb03fe259b-1\\"", "size": 38061, "mimetype": "audio/mpeg", "cacheControl": "max-age=3600", "lastModified": "2025-08-11T13:41:28.000Z", "contentLength": 38061, "httpStatusCode": 200}	b9c93ab9-9dc5-48ae-abf8-043d0dd204aa	\N	\N	2
013fc4b6-7977-4db6-96da-e8a94d4f4f93	audio-files	keep up/example002.mp3	\N	2025-08-11 13:41:28.363932+00	2025-08-22 06:04:33.190053+00	2025-08-11 13:41:28.363932+00	{"eTag": "\\"d24e3d1a90208d52de2a2c0f2a45a48b-1\\"", "size": 46125, "mimetype": "audio/mpeg", "cacheControl": "max-age=3600", "lastModified": "2025-08-11T13:41:28.000Z", "contentLength": 46125, "httpStatusCode": 200}	7b759cb1-8f74-4a85-8e77-217e93c8467f	\N	\N	2
d6643a69-a96c-4f86-b41c-a41a0edb357f	audio-files	come in/word.mp3	\N	2025-08-13 11:43:00.714418+00	2025-08-22 06:04:33.190053+00	2025-08-13 11:43:00.714418+00	{"eTag": "\\"7f720c134977b92e1e0361e8e3e2df52\\"", "size": 32877, "mimetype": "audio/mpeg", "cacheControl": "max-age=3600", "lastModified": "2025-08-13T11:50:11.000Z", "contentLength": 32877, "httpStatusCode": 200}	422fd692-4e03-410b-bb8b-87d9dc1e83dd	\N	{}	2
a7b28d11-e196-4b61-bfb1-854e189fb987	audio-files	find out/word.mp3	\N	2025-08-13 11:42:58.323802+00	2025-08-22 06:04:33.190053+00	2025-08-13 11:42:58.323802+00	{"eTag": "\\"5fb0d9af0b4a7ce7b40fe0eacdf31cbd\\"", "size": 24813, "mimetype": "audio/mpeg", "cacheControl": "max-age=3600", "lastModified": "2025-08-13T11:51:51.000Z", "contentLength": 24813, "httpStatusCode": 200}	8ce4dec6-ae25-428c-895d-c474a7c8bd21	\N	{}	2
1a550bfb-031b-481a-8061-5daa4227d490	audio-files	get in/word.mp3	\N	2025-08-13 11:43:01.19593+00	2025-08-22 06:04:33.190053+00	2025-08-13 11:43:01.19593+00	{"eTag": "\\"5526880881e737e7f6cfad14e8877c20\\"", "size": 29421, "mimetype": "audio/mpeg", "cacheControl": "max-age=3600", "lastModified": "2025-08-13T11:55:10.000Z", "contentLength": 29421, "httpStatusCode": 200}	0c8a3762-5ba9-47ee-a20a-6a513e0e3267	\N	{}	2
afd69fa1-f27a-42ad-ad40-326659db92a9	audio-files	get out/word.mp3	\N	2025-08-13 11:43:01.634702+00	2025-08-22 06:04:33.190053+00	2025-08-13 11:43:01.634702+00	{"eTag": "\\"66cd4833f447da6cebfbe9d36ea31547\\"", "size": 23661, "mimetype": "audio/mpeg", "cacheControl": "max-age=3600", "lastModified": "2025-08-13T12:01:50.000Z", "contentLength": 23661, "httpStatusCode": 200}	8713e281-38ff-41d1-b366-fceebdf45ec5	\N	{}	2
6adaa10f-0846-45f2-8b48-8fe166e13970	audio-files	get up/word.mp3	\N	2025-08-13 11:42:58.65366+00	2025-08-22 06:04:33.190053+00	2025-08-13 11:42:58.65366+00	{"eTag": "\\"01bd49f396ce9e44587e120d1bef7a78\\"", "size": 23661, "mimetype": "audio/mpeg", "cacheControl": "max-age=3600", "lastModified": "2025-08-13T12:01:54.000Z", "contentLength": 23661, "httpStatusCode": 200}	cfe05f18-8d4d-4d2e-b24d-9ba9743b4d5c	\N	{}	2
9cf98a8c-91c5-4bd1-8700-c086511b9eaa	audio-files	break up/word.mp3	\N	2025-08-13 11:43:04.208855+00	2025-08-22 06:04:33.190053+00	2025-08-13 11:43:04.208855+00	{"eTag": "\\"3f49dd7f352e1fe29d3c03a4e9bb2d50\\"", "size": 22509, "mimetype": "audio/mpeg", "cacheControl": "max-age=3600", "lastModified": "2025-08-13T11:49:41.000Z", "contentLength": 22509, "httpStatusCode": 200}	c6340bb8-1182-4061-a934-70ebea78365a	\N	{}	2
963d4d51-4531-41f1-9bd7-b9357aaa45c4	audio-files	carry on/word.mp3	\N	2025-08-13 11:43:03.549359+00	2025-08-22 06:04:33.190053+00	2025-08-13 11:43:03.549359+00	{"eTag": "\\"4f0043e90fce7e2ab05c35d206b5afe3\\"", "size": 38061, "mimetype": "audio/mpeg", "cacheControl": "max-age=3600", "lastModified": "2025-08-13T11:49:52.000Z", "contentLength": 38061, "httpStatusCode": 200}	4763d95e-b9e7-4909-8947-0bf0528b203c	\N	{}	2
2d65e861-c701-4228-8479-4640d3beda92	audio-files	catch up/word.mp3	\N	2025-08-13 11:43:05.299078+00	2025-08-22 06:04:33.190053+00	2025-08-13 11:43:05.299078+00	{"eTag": "\\"3ccef7c863cc02d5c1794bc0897cc06f\\"", "size": 28269, "mimetype": "audio/mpeg", "cacheControl": "max-age=3600", "lastModified": "2025-08-13T11:50:00.000Z", "contentLength": 28269, "httpStatusCode": 200}	a3123c7d-71a2-4a82-94f6-c6f652471079	\N	{}	2
81c1d9f6-859c-4e95-8ae0-72e0ac925a2b	audio-files	check out/word.mp3	\N	2025-08-13 11:43:02.380443+00	2025-08-22 06:04:33.190053+00	2025-08-13 11:43:02.380443+00	{"eTag": "\\"b5d1e2a882b90807d435ba4ec8f060fd\\"", "size": 24813, "mimetype": "audio/mpeg", "cacheControl": "max-age=3600", "lastModified": "2025-08-13T14:42:18.000Z", "contentLength": 24813, "httpStatusCode": 200}	d4b5f474-72e1-4345-a66c-37a5c0b999fd	\N	{}	2
615f2319-7eff-42db-a1ef-ba431a099940	audio-files	get along/word.mp3	\N	2025-08-13 11:43:03.889023+00	2025-08-22 06:04:33.190053+00	2025-08-13 11:43:03.889023+00	{"eTag": "\\"9574b134e5e69822b43e9b29918cdebf\\"", "size": 29421, "mimetype": "audio/mpeg", "cacheControl": "max-age=3600", "lastModified": "2025-08-13T11:51:56.000Z", "contentLength": 29421, "httpStatusCode": 200}	72e65fd1-10f2-4d41-b156-80eeaa96cb76	\N	{}	2
297f595f-cc10-49ff-9ceb-a63c84bac59b	audio-files	hang out/word.mp3	\N	2025-08-13 11:43:01.957434+00	2025-08-22 06:04:33.190053+00	2025-08-13 11:43:01.957434+00	{"eTag": "\\"be7aee892acb3ea8b0b44532cacde906\\"", "size": 27117, "mimetype": "audio/mpeg", "cacheControl": "max-age=3600", "lastModified": "2025-08-13T12:02:22.000Z", "contentLength": 27117, "httpStatusCode": 200}	cf601ea4-fe35-4d39-ab32-270d81e13d65	\N	{}	2
5b8157d9-e0de-44a2-853f-8b6d631d64d0	audio-files	What should I/What-should-I.mp3	\N	2025-08-13 11:43:06.975977+00	2025-08-22 06:04:33.190053+00	2025-08-13 11:43:06.975977+00	{"eTag": "\\"e2b00d63adddc4c2b1dd949583faede2\\"", "size": 32877, "mimetype": "audio/mpeg", "cacheControl": "max-age=3600", "lastModified": "2025-08-13T11:49:01.000Z", "contentLength": 32877, "httpStatusCode": 200}	b4f23834-f665-4ce6-9fad-14f0c763e2c6	\N	{}	2
a81cd869-9360-4bce-9cbe-291d77215bad	audio-files	keep up/example003.mp3	\N	2025-08-11 13:41:28.531715+00	2025-08-22 06:04:33.190053+00	2025-08-11 13:41:28.531715+00	{"eTag": "\\"07dc5372b309d5ca114fd26c46f7f3db-1\\"", "size": 53613, "mimetype": "audio/mpeg", "cacheControl": "max-age=3600", "lastModified": "2025-08-11T13:41:28.000Z", "contentLength": 53613, "httpStatusCode": 200}	38e06935-d8af-42fd-991c-6ed75f5084fc	\N	\N	2
58439d84-c937-48dc-b7ea-d404b0dd9ed3	audio-files	keep up/word.mp3	\N	2025-08-13 11:43:05.632075+00	2025-08-22 06:04:33.190053+00	2025-08-13 11:43:05.632075+00	{"eTag": "\\"466fe9f266909b747628d87246d49046\\"", "size": 24813, "mimetype": "audio/mpeg", "cacheControl": "max-age=3600", "lastModified": "2025-08-13T12:03:02.000Z", "contentLength": 24813, "httpStatusCode": 200}	8db73e0b-d925-40a4-b388-2a43710e742f	\N	{}	2
39e6bc27-1b1f-4d30-ab32-087675395bb8	audio-files	look for/.keep.mp3	\N	2025-08-11 13:12:39.655912+00	2025-08-22 06:04:33.190053+00	2025-08-11 13:12:39.655912+00	{"eTag": "\\"cfcd208495d565ef66e7dff9f98764da\\"", "size": 1, "mimetype": "audio/mpeg", "cacheControl": "max-age=3600", "lastModified": "2025-08-11T13:12:40.000Z", "contentLength": 1, "httpStatusCode": 200}	3168cb48-ebda-4fd5-9c3a-390bc4ab5a9c	\N	{}	2
d327a4b7-5a80-45f2-8555-11eff1c763e3	audio-files	look for/example001.mp3	\N	2025-08-11 13:33:34.232256+00	2025-08-22 06:04:33.190053+00	2025-08-11 13:33:34.232256+00	{"eTag": "\\"f8ce8cbcff2f13f61b1af66750351ba6-1\\"", "size": 48429, "mimetype": "audio/mpeg", "cacheControl": "max-age=3600", "lastModified": "2025-08-11T13:33:34.000Z", "contentLength": 48429, "httpStatusCode": 200}	ee46e9b6-de90-4858-b0e9-69269af160df	\N	\N	2
254f1f08-587b-4d41-bca9-7301f60b7959	audio-files	look for/example002.mp3	\N	2025-08-11 13:33:34.420846+00	2025-08-22 06:04:33.190053+00	2025-08-11 13:33:34.420846+00	{"eTag": "\\"82af07fb0570fabbae9bd090ba71b25e-1\\"", "size": 46125, "mimetype": "audio/mpeg", "cacheControl": "max-age=3600", "lastModified": "2025-08-11T13:33:34.000Z", "contentLength": 46125, "httpStatusCode": 200}	e8552de3-da3f-4464-8b0b-347563287cce	\N	\N	2
858d9ea9-76be-4cec-ae40-d141c50a317e	audio-files	look for/example003.mp3	\N	2025-08-11 13:33:34.088865+00	2025-08-22 06:04:33.190053+00	2025-08-11 13:33:34.088865+00	{"eTag": "\\"8926a35f9cee4ddf769471f24a4cc289-1\\"", "size": 43821, "mimetype": "audio/mpeg", "cacheControl": "max-age=3600", "lastModified": "2025-08-11T13:33:34.000Z", "contentLength": 43821, "httpStatusCode": 200}	31ed3678-2d6e-4730-813a-718088677d1b	\N	\N	2
2a26b94f-60c1-4da4-9125-6b0dc059bb33	audio-files	look for/word.mp3	\N	2025-08-13 11:42:57.226171+00	2025-08-22 06:04:33.190053+00	2025-08-13 11:42:57.226171+00	{"eTag": "\\"a051835dd86f821522c98a8560c973b1\\"", "size": 29421, "mimetype": "audio/mpeg", "cacheControl": "max-age=3600", "lastModified": "2025-08-13T12:05:36.000Z", "contentLength": 29421, "httpStatusCode": 200}	33333de1-52ee-4d75-b065-69bb8a165367	\N	{}	2
a50efba0-fa6a-4e07-8a63-1648bfa90d08	audio-files	make up/.keep.mp3	\N	2025-08-11 13:12:39.868189+00	2025-08-22 06:04:33.190053+00	2025-08-11 13:12:39.868189+00	{"eTag": "\\"cfcd208495d565ef66e7dff9f98764da\\"", "size": 1, "mimetype": "audio/mpeg", "cacheControl": "max-age=3600", "lastModified": "2025-08-11T13:12:40.000Z", "contentLength": 1, "httpStatusCode": 200}	147a1c62-cab5-4bcf-aadc-ce83d87b7dee	\N	{}	2
6d0adc3d-7107-4677-9c19-1cae87d4f9bc	audio-files	make up/example001.mp3	\N	2025-08-11 13:40:40.489373+00	2025-08-22 06:04:33.190053+00	2025-08-11 13:40:40.489373+00	{"eTag": "\\"2b8626821b85cd160207fca42298c21f-1\\"", "size": 43821, "mimetype": "audio/mpeg", "cacheControl": "max-age=3600", "lastModified": "2025-08-11T13:40:40.000Z", "contentLength": 43821, "httpStatusCode": 200}	50d43873-3338-4f3b-99c6-91fa72e0d1fc	\N	\N	2
ebb09ec5-17af-4f64-8dbe-3f526a7769aa	audio-files	make up/example002.mp3	\N	2025-08-11 13:40:40.352689+00	2025-08-22 06:04:33.190053+00	2025-08-11 13:40:40.352689+00	{"eTag": "\\"44d7cab29c0c692f303ffcf8f9eaa25b-1\\"", "size": 42669, "mimetype": "audio/mpeg", "cacheControl": "max-age=3600", "lastModified": "2025-08-11T13:40:40.000Z", "contentLength": 42669, "httpStatusCode": 200}	1738d435-cb39-4da5-8e03-ad754a1d5b8d	\N	\N	2
58b6fd5f-e24d-4a89-a24c-afb07c307eed	audio-files	turn off/word.mp3	\N	2025-08-13 11:43:06.315409+00	2025-08-22 06:04:33.190053+00	2025-08-13 11:43:06.315409+00	{"eTag": "\\"c79520142e94eaf94dc5fbb87ed5ae43\\"", "size": 28269, "mimetype": "audio/mpeg", "cacheControl": "max-age=3600", "lastModified": "2025-08-13T15:01:01.000Z", "contentLength": 28269, "httpStatusCode": 200}	2776e9fc-8f1f-4cb7-a1b8-4ee709c6a1dc	\N	{}	2
83ff5d84-2428-47ad-845a-3843ecda69d3	audio-files	turn on/word.mp3	\N	2025-08-13 11:43:06.657031+00	2025-08-22 06:04:33.190053+00	2025-08-13 11:43:06.657031+00	{"eTag": "\\"199c19d5e02c58a1b100ad59ac193f78\\"", "size": 28269, "mimetype": "audio/mpeg", "cacheControl": "max-age=3600", "lastModified": "2025-08-13T15:01:10.000Z", "contentLength": 28269, "httpStatusCode": 200}	7b2c45c2-cf7d-4753-b355-95291b21f5d2	\N	{}	2
a91fb69a-597c-467a-abb8-6bdd4ffa255d	audio-files	make up/example003.mp3	\N	2025-08-11 13:40:40.428898+00	2025-08-22 06:04:33.190053+00	2025-08-11 13:40:40.428898+00	{"eTag": "\\"ecff023e59e107f96076eb4b1d9460d5-1\\"", "size": 46125, "mimetype": "audio/mpeg", "cacheControl": "max-age=3600", "lastModified": "2025-08-11T13:40:40.000Z", "contentLength": 46125, "httpStatusCode": 200}	55cb1878-636a-41a0-a9ec-bea04983629e	\N	\N	2
38a7d4a4-818c-45ff-8fd5-9adfc5e718fc	audio-files	make up/word.mp3	\N	2025-08-13 11:43:04.624345+00	2025-08-22 06:04:33.190053+00	2025-08-13 11:43:04.624345+00	{"eTag": "\\"7cac261df4974fdefb8e8cc3c488285f\\"", "size": 28269, "mimetype": "audio/mpeg", "cacheControl": "max-age=3600", "lastModified": "2025-08-13T12:07:08.000Z", "contentLength": 28269, "httpStatusCode": 200}	faba8d55-709f-426c-a66e-f93128bb3a11	\N	{}	2
ee4b0f3c-7289-41a1-9b2d-9c94e81d3328	audio-files	pick up/.keep.mp3	\N	2025-08-11 13:12:40.11984+00	2025-08-22 06:04:33.190053+00	2025-08-11 13:12:40.11984+00	{"eTag": "\\"cfcd208495d565ef66e7dff9f98764da\\"", "size": 1, "mimetype": "audio/mpeg", "cacheControl": "max-age=3600", "lastModified": "2025-08-11T13:12:41.000Z", "contentLength": 1, "httpStatusCode": 200}	b8647dd1-80bc-41ab-9423-59db874f1be4	\N	{}	2
7f814412-70af-4232-95de-1059789fedf4	audio-files	pick up/example001.mp3	\N	2025-08-11 13:33:15.304651+00	2025-08-22 06:04:33.190053+00	2025-08-11 13:33:15.304651+00	{"eTag": "\\"893350c771bf19fdbf7eb3da3874e30d-1\\"", "size": 47277, "mimetype": "audio/mpeg", "cacheControl": "max-age=3600", "lastModified": "2025-08-11T13:33:15.000Z", "contentLength": 47277, "httpStatusCode": 200}	c78a47a2-3016-4639-8ab4-1b4b21709914	\N	\N	2
d96bdce9-fa41-4691-a195-0781d308c73c	audio-files	pick up/example002.mp3	\N	2025-08-11 13:33:15.237169+00	2025-08-22 06:04:33.190053+00	2025-08-11 13:33:15.237169+00	{"eTag": "\\"3b16edd3f5a9e289c8aacfb3d318ba01-1\\"", "size": 42669, "mimetype": "audio/mpeg", "cacheControl": "max-age=3600", "lastModified": "2025-08-11T13:33:15.000Z", "contentLength": 42669, "httpStatusCode": 200}	3626d5b8-76d9-4dc8-b2d3-634d7bcca527	\N	\N	2
1d376622-3154-4956-abe6-eef760461fca	audio-files	pick up/example003.mp3	\N	2025-08-11 13:33:15.187918+00	2025-08-22 06:04:33.190053+00	2025-08-11 13:33:15.187918+00	{"eTag": "\\"11266b7664fb0bb1a900cc516ca7b776-1\\"", "size": 48429, "mimetype": "audio/mpeg", "cacheControl": "max-age=3600", "lastModified": "2025-08-11T13:33:15.000Z", "contentLength": 48429, "httpStatusCode": 200}	87697249-7599-4d32-89fb-8dfb17e57c62	\N	\N	2
684e4aa9-0976-4fa8-b00e-c220d9082eb3	audio-files	pick up/word.mp3	\N	2025-08-13 11:42:57.636955+00	2025-08-22 06:04:33.190053+00	2025-08-13 11:42:57.636955+00	{"eTag": "\\"bb479e3d67769371e320bb999246aa47\\"", "size": 21357, "mimetype": "audio/mpeg", "cacheControl": "max-age=3600", "lastModified": "2025-08-13T12:07:22.000Z", "contentLength": 21357, "httpStatusCode": 200}	7f26ebe0-6361-4bc9-a5cb-96cc25e18099	\N	{}	2
596f6f25-dddf-4d3a-9bf0-af40fccfe1f8	audio-files	put on/.keep.mp3	\N	2025-08-11 13:12:40.448959+00	2025-08-22 06:04:33.190053+00	2025-08-11 13:12:40.448959+00	{"eTag": "\\"cfcd208495d565ef66e7dff9f98764da\\"", "size": 1, "mimetype": "audio/mpeg", "cacheControl": "max-age=3600", "lastModified": "2025-08-11T13:12:41.000Z", "contentLength": 1, "httpStatusCode": 200}	2a9cdd0c-9b52-4ee8-a329-ff033a382e3b	\N	{}	2
62e8efbb-aa6f-46b1-96b0-af134c380cd1	audio-files	put on/example001.mp3	\N	2025-08-11 13:35:07.933556+00	2025-08-22 06:04:33.190053+00	2025-08-11 13:35:07.933556+00	{"eTag": "\\"86a6aae5b931e3f9f51d1820b3195e9d-1\\"", "size": 36909, "mimetype": "audio/mpeg", "cacheControl": "max-age=3600", "lastModified": "2025-08-11T13:35:08.000Z", "contentLength": 36909, "httpStatusCode": 200}	20d057dc-a1bc-411e-a841-e5d1c9b4a01d	\N	\N	2
d16a369f-c28a-4800-8ebb-80eb813c82e2	audio-files	put on/example002.mp3	\N	2025-08-11 13:35:07.961498+00	2025-08-22 06:04:33.190053+00	2025-08-11 13:35:07.961498+00	{"eTag": "\\"98799d0cede8df4b176b42365d057859-1\\"", "size": 39213, "mimetype": "audio/mpeg", "cacheControl": "max-age=3600", "lastModified": "2025-08-11T13:35:08.000Z", "contentLength": 39213, "httpStatusCode": 200}	11bcabe1-b40a-4999-8a92-accdad22ffe0	\N	\N	2
06e6a504-eb97-4e09-b350-43ee0f5c0aeb	audio-files	put on/example003.mp3	\N	2025-08-11 13:35:08.00831+00	2025-08-22 06:04:33.190053+00	2025-08-11 13:35:08.00831+00	{"eTag": "\\"ec56aa9d329a568e1026cff93f65aff5-1\\"", "size": 35181, "mimetype": "audio/mpeg", "cacheControl": "max-age=3600", "lastModified": "2025-08-11T13:35:08.000Z", "contentLength": 35181, "httpStatusCode": 200}	aa9f79d1-b6f6-40c5-9e1e-3ac98d8e1c2c	\N	\N	2
56fb4917-4c78-4761-9a36-c81c1322e1a5	audio-files	put on/word.mp3	\N	2025-08-13 11:42:59.66005+00	2025-08-22 06:04:33.190053+00	2025-08-13 11:42:59.66005+00	{"eTag": "\\"199b128b6408b3fc98d9fb0b1b9eba65\\"", "size": 31725, "mimetype": "audio/mpeg", "cacheControl": "max-age=3600", "lastModified": "2025-08-13T12:10:16.000Z", "contentLength": 31725, "httpStatusCode": 200}	108b0282-56d8-481b-ab61-18165c2e223a	\N	{}	2
d3bbd2a1-c183-4033-a9b5-5f66a1e52ebb	audio-files	run out of/example001.mp3	\N	2025-08-11 13:17:05.528419+00	2025-08-22 06:04:33.190053+00	2025-08-11 13:17:05.528419+00	{"eTag": "\\"742440f751343105efc6a41a9b142801\\"", "size": 49581, "mimetype": "audio/mpeg", "cacheControl": "max-age=3600", "lastModified": "2025-08-11T13:17:23.000Z", "contentLength": 49581, "httpStatusCode": 200}	bfa458ef-f419-4fba-b6c4-5a8a520c4581	\N	\N	2
82ea9d59-1e76-4100-9a3f-9b1b4718ac47	audio-files	run out of/example002.mp3	\N	2025-08-11 13:17:05.059399+00	2025-08-22 06:04:33.190053+00	2025-08-11 13:17:05.059399+00	{"eTag": "\\"a167da744962c77ecfac2633d95f596b\\"", "size": 51885, "mimetype": "audio/mpeg", "cacheControl": "max-age=3600", "lastModified": "2025-08-11T13:17:29.000Z", "contentLength": 51885, "httpStatusCode": 200}	f21fdb64-9137-415c-a5b3-dcefedb92114	\N	\N	2
eb30f316-c639-4eba-bb81-d841e533b860	audio-files	run out of/example003.mp3	\N	2025-08-11 13:17:05.316559+00	2025-08-22 06:04:33.190053+00	2025-08-11 13:17:05.316559+00	{"eTag": "\\"4fbeef2ae2a1f51b9a8cbd7e736e31f3\\"", "size": 53037, "mimetype": "audio/mpeg", "cacheControl": "max-age=3600", "lastModified": "2025-08-11T13:17:40.000Z", "contentLength": 53037, "httpStatusCode": 200}	420a8bd5-5cff-42dc-a944-c8a94acf848a	\N	\N	2
d71090e1-37bd-47bc-a520-63a0977feddc	audio-files	run out of/word.mp3	\N	2025-08-13 11:42:57.982162+00	2025-08-22 06:04:33.190053+00	2025-08-13 11:42:57.982162+00	{"eTag": "\\"2ab1848f8ca2b50a9e2deac93e5c7bcf\\"", "size": 34029, "mimetype": "audio/mpeg", "cacheControl": "max-age=3600", "lastModified": "2025-08-13T11:49:20.000Z", "contentLength": 34029, "httpStatusCode": 200}	71ed4d6a-42d3-484d-94fd-548d449d0b52	\N	{}	2
4ab43397-01c8-42d4-b0a1-5fd4ed69c638	audio-files	show up/.keep.mp3	\N	2025-08-11 13:12:40.692759+00	2025-08-22 06:04:33.190053+00	2025-08-11 13:12:40.692759+00	{"eTag": "\\"cfcd208495d565ef66e7dff9f98764da\\"", "size": 1, "mimetype": "audio/mpeg", "cacheControl": "max-age=3600", "lastModified": "2025-08-11T13:12:41.000Z", "contentLength": 1, "httpStatusCode": 200}	503af7ca-c15c-4d59-8b7e-6ab8584afcf3	\N	{}	2
0169d0ba-2a4d-43aa-b56e-810fbf89b888	audio-files	show up/example001.mp3	\N	2025-08-11 13:38:28.162512+00	2025-08-22 06:04:33.190053+00	2025-08-11 13:38:28.162512+00	{"eTag": "\\"4cf46f1e0176bf4be6f2e6a7727c27d9-1\\"", "size": 32877, "mimetype": "audio/mpeg", "cacheControl": "max-age=3600", "lastModified": "2025-08-11T13:38:28.000Z", "contentLength": 32877, "httpStatusCode": 200}	f31b01a5-5c5d-49ff-a70a-f5a90d5a0066	\N	\N	2
77232ed3-c1a5-4280-b749-e4604df7efb8	audio-files	show up/example002.mp3	\N	2025-08-11 13:38:28.037561+00	2025-08-22 06:04:33.190053+00	2025-08-11 13:38:28.037561+00	{"eTag": "\\"f9ea12e67141e997f86442692cc5ea12-1\\"", "size": 44973, "mimetype": "audio/mpeg", "cacheControl": "max-age=3600", "lastModified": "2025-08-11T13:38:28.000Z", "contentLength": 44973, "httpStatusCode": 200}	432ae728-e65b-4f06-9ba1-4ba5cf9a3ace	\N	\N	2
0231b616-f74e-4d74-9a96-9d8aeedfdaa6	audio-files	show up/example003.mp3	\N	2025-08-11 13:38:28.114992+00	2025-08-22 06:04:33.190053+00	2025-08-11 13:38:28.114992+00	{"eTag": "\\"cdead6ca3d6ea20ff3cc590e98f6c5a6-1\\"", "size": 51885, "mimetype": "audio/mpeg", "cacheControl": "max-age=3600", "lastModified": "2025-08-11T13:38:28.000Z", "contentLength": 51885, "httpStatusCode": 200}	ba856d3b-cf2e-477e-9bf8-1367376c7c4e	\N	\N	2
ef4e221d-8dae-4fa2-9629-ec3726a1c38f	audio-files	show up/word.mp3	\N	2025-08-13 11:43:02.828506+00	2025-08-22 06:04:33.190053+00	2025-08-13 11:43:02.828506+00	{"eTag": "\\"7d9cd0328c7df22c054db5cc498a309a\\"", "size": 27117, "mimetype": "audio/mpeg", "cacheControl": "max-age=3600", "lastModified": "2025-08-13T12:10:24.000Z", "contentLength": 27117, "httpStatusCode": 200}	2823c451-f3dd-42cb-9871-aa9584d3aa9b	\N	{}	2
d69578da-e453-41df-83ea-5cc7689efe39	audio-files	take care of/.keep.mp3	\N	2025-08-11 13:12:40.874565+00	2025-08-22 06:04:33.190053+00	2025-08-11 13:12:40.874565+00	{"eTag": "\\"cfcd208495d565ef66e7dff9f98764da\\"", "size": 1, "mimetype": "audio/mpeg", "cacheControl": "max-age=3600", "lastModified": "2025-08-11T13:12:41.000Z", "contentLength": 1, "httpStatusCode": 200}	28bb01cd-f01c-4112-80fd-15cdf616d066	\N	{}	2
0ba44a68-8c3a-4a23-9e5f-423eda0b4b12	audio-files	take care of/example001.mp3	\N	2025-08-11 13:41:53.439609+00	2025-08-22 06:04:33.190053+00	2025-08-11 13:41:53.439609+00	{"eTag": "\\"cda1c4289ae3c8e83ae51fcb78b717e8-1\\"", "size": 38061, "mimetype": "audio/mpeg", "cacheControl": "max-age=3600", "lastModified": "2025-08-11T13:41:53.000Z", "contentLength": 38061, "httpStatusCode": 200}	8c00ac6e-78a5-4b3e-99a4-9880140ab5d6	\N	\N	2
1ae2b727-8bfe-4bfa-a029-21467da84f26	audio-files	take care of/example002.mp3	\N	2025-08-11 13:41:53.382563+00	2025-08-22 06:04:33.190053+00	2025-08-11 13:41:53.382563+00	{"eTag": "\\"a5aebf09da5973a212334e255277f115-1\\"", "size": 46125, "mimetype": "audio/mpeg", "cacheControl": "max-age=3600", "lastModified": "2025-08-11T13:41:53.000Z", "contentLength": 46125, "httpStatusCode": 200}	2dc280b5-2ade-4cf5-a3fa-032a1a419851	\N	\N	2
db0b398c-a5fa-4bb2-91e5-0b413c709ee5	audio-files	take care of/example003.mp3	\N	2025-08-11 13:41:53.316771+00	2025-08-22 06:04:33.190053+00	2025-08-11 13:41:53.316771+00	{"eTag": "\\"68f6535760cd93a84e8e00df4ce755d4-1\\"", "size": 42669, "mimetype": "audio/mpeg", "cacheControl": "max-age=3600", "lastModified": "2025-08-11T13:41:53.000Z", "contentLength": 42669, "httpStatusCode": 200}	71611ecd-0d02-4adb-a6c9-1519e030f4b3	\N	\N	2
000691df-52b2-455a-8bdb-2d77129ceeb3	audio-files	take care of/word.mp3	\N	2025-08-13 11:43:05.980973+00	2025-08-22 06:04:33.190053+00	2025-08-13 11:43:05.980973+00	{"eTag": "\\"a921079e2b6e28e37cdeee4b6b68b046\\"", "size": 28269, "mimetype": "audio/mpeg", "cacheControl": "max-age=3600", "lastModified": "2025-08-13T12:10:34.000Z", "contentLength": 28269, "httpStatusCode": 200}	99aac832-c86a-4660-ae13-f3ef3c8db233	\N	{}	2
2aea9a33-fd0a-42dd-ba3f-435c056801cd	audio-files	take off/.keep.mp3	\N	2025-08-11 13:12:41.111887+00	2025-08-22 06:04:33.190053+00	2025-08-11 13:12:41.111887+00	{"eTag": "\\"cfcd208495d565ef66e7dff9f98764da\\"", "size": 1, "mimetype": "audio/mpeg", "cacheControl": "max-age=3600", "lastModified": "2025-08-11T13:12:42.000Z", "contentLength": 1, "httpStatusCode": 200}	1a84bcb8-bf5c-44b6-a81b-af2a2f528c94	\N	{}	2
d3223241-4463-418f-9e9a-d21484443816	audio-files	take off/example001.mp3	\N	2025-08-11 13:35:28.190189+00	2025-08-22 06:04:33.190053+00	2025-08-11 13:35:28.190189+00	{"eTag": "\\"c4adce49c2e9a486b4fa8fcfa98244cf-1\\"", "size": 38061, "mimetype": "audio/mpeg", "cacheControl": "max-age=3600", "lastModified": "2025-08-11T13:35:28.000Z", "contentLength": 38061, "httpStatusCode": 200}	90f2618c-9d60-4c2d-8702-0457100b303b	\N	\N	2
88ca103a-d568-454f-9d5a-a4094ce6e689	audio-files	take off/example002.mp3	\N	2025-08-11 13:35:28.211734+00	2025-08-22 06:04:33.190053+00	2025-08-11 13:35:28.211734+00	{"eTag": "\\"c7317de852f690cf7bcd132a74d255e6-1\\"", "size": 40365, "mimetype": "audio/mpeg", "cacheControl": "max-age=3600", "lastModified": "2025-08-11T13:35:28.000Z", "contentLength": 40365, "httpStatusCode": 200}	e91e81b8-49a9-423f-b977-ad90599b8af8	\N	\N	2
0a7233d8-973d-4ba6-8ee7-0ee14a9ccb0a	audio-files	take off/example003.mp3	\N	2025-08-11 13:35:28.21932+00	2025-08-22 06:04:33.190053+00	2025-08-11 13:35:28.21932+00	{"eTag": "\\"6ee24893ca1288fb143b7d4487905264-1\\"", "size": 43821, "mimetype": "audio/mpeg", "cacheControl": "max-age=3600", "lastModified": "2025-08-11T13:35:28.000Z", "contentLength": 43821, "httpStatusCode": 200}	d2ef2fab-e341-4923-9253-f9726d85ab92	\N	\N	2
9c987aab-4156-4f66-a3b6-49ec74adc48a	audio-files	take off/word.mp3	\N	2025-08-13 11:42:59.988563+00	2025-08-22 06:04:33.190053+00	2025-08-13 11:42:59.988563+00	{"eTag": "\\"1fe4c7081299d2ad0514f6374f9c5427\\"", "size": 31725, "mimetype": "audio/mpeg", "cacheControl": "max-age=3600", "lastModified": "2025-08-13T12:10:39.000Z", "contentLength": 31725, "httpStatusCode": 200}	cdcd01b0-e4d4-4d8d-ada5-bf4eddf8f6f5	\N	{}	2
0d1629bb-a1ff-45dc-b117-c9b50f5f636e	audio-files	turn off/.keep.mp3	\N	2025-08-11 13:12:41.330039+00	2025-08-22 06:04:33.190053+00	2025-08-11 13:12:41.330039+00	{"eTag": "\\"cfcd208495d565ef66e7dff9f98764da\\"", "size": 1, "mimetype": "audio/mpeg", "cacheControl": "max-age=3600", "lastModified": "2025-08-11T13:12:42.000Z", "contentLength": 1, "httpStatusCode": 200}	15340ebc-b84e-46ae-889c-d3198b62c3ca	\N	{}	2
c396ad56-9331-443f-95e3-55b776e29424	audio-files	turn off/example001.mp3	\N	2025-08-11 13:33:01.000542+00	2025-08-22 06:04:33.190053+00	2025-08-11 13:33:01.000542+00	{"eTag": "\\"3b18394ec96c5321aa493bdcc74f94a4-1\\"", "size": 41517, "mimetype": "audio/mpeg", "cacheControl": "max-age=3600", "lastModified": "2025-08-11T13:33:01.000Z", "contentLength": 41517, "httpStatusCode": 200}	d94c28bb-b264-40b4-a949-bd4293cfe6b5	\N	\N	2
6953e789-1447-463b-bb5b-07ce41d5c4b9	audio-files	turn off/example002.mp3	\N	2025-08-11 13:33:00.992345+00	2025-08-22 06:04:33.190053+00	2025-08-11 13:33:00.992345+00	{"eTag": "\\"8df0187d3bf398dbb03d34635fe2bab3-1\\"", "size": 47277, "mimetype": "audio/mpeg", "cacheControl": "max-age=3600", "lastModified": "2025-08-11T13:33:01.000Z", "contentLength": 47277, "httpStatusCode": 200}	b1bdeae7-7552-4a3a-85b9-65d9b404152c	\N	\N	2
4eb54f51-0762-4b50-959b-d39bfa3e57f2	audio-files	turn off/example003.mp3	\N	2025-08-11 13:33:01.18095+00	2025-08-22 06:04:33.190053+00	2025-08-11 13:33:01.18095+00	{"eTag": "\\"4a3001c8ae5fa421f496ee9e727f4a44-1\\"", "size": 42669, "mimetype": "audio/mpeg", "cacheControl": "max-age=3600", "lastModified": "2025-08-11T13:33:01.000Z", "contentLength": 42669, "httpStatusCode": 200}	3e478143-2406-4871-a91d-728e23c745a9	\N	\N	2
3873c317-f89e-4534-ab66-a06497cb32ff	audio-files	turn on/.keep.mp3	\N	2025-08-11 13:12:41.50984+00	2025-08-22 06:04:33.190053+00	2025-08-11 13:12:41.50984+00	{"eTag": "\\"cfcd208495d565ef66e7dff9f98764da\\"", "size": 1, "mimetype": "audio/mpeg", "cacheControl": "max-age=3600", "lastModified": "2025-08-11T13:12:42.000Z", "contentLength": 1, "httpStatusCode": 200}	6aa83d7a-902e-4bba-b03e-578b39c078fa	\N	{}	2
018335b2-5a12-4d11-8341-fc885a9eebd0	audio-files	turn on/example001.mp3	\N	2025-08-11 13:32:49.34925+00	2025-08-22 06:04:33.190053+00	2025-08-11 13:32:49.34925+00	{"eTag": "\\"ac1048bb44267eaf88faddeeb81db7e7-1\\"", "size": 36909, "mimetype": "audio/mpeg", "cacheControl": "max-age=3600", "lastModified": "2025-08-11T13:32:49.000Z", "contentLength": 36909, "httpStatusCode": 200}	e253183c-e209-4aed-9dbb-f4e6c92e689b	\N	\N	2
5069a910-6910-4f05-acee-859711c6e2f8	audio-files	turn on/example002.mp3	\N	2025-08-11 13:32:49.235267+00	2025-08-22 06:04:33.190053+00	2025-08-11 13:32:49.235267+00	{"eTag": "\\"0670a08d3a7aba6cdeede021256d7771-1\\"", "size": 38061, "mimetype": "audio/mpeg", "cacheControl": "max-age=3600", "lastModified": "2025-08-11T13:32:49.000Z", "contentLength": 38061, "httpStatusCode": 200}	01dd154d-236b-4bb2-826e-9a65a05f0288	\N	\N	2
fa342713-fcf3-4ec6-a304-0eaa072fd616	audio-files	turn on/example003.mp3	\N	2025-08-11 13:32:49.044003+00	2025-08-22 06:04:33.190053+00	2025-08-11 13:32:49.044003+00	{"eTag": "\\"e3ce23b23cf3778493f24cbc45487682-1\\"", "size": 43821, "mimetype": "audio/mpeg", "cacheControl": "max-age=3600", "lastModified": "2025-08-11T13:32:49.000Z", "contentLength": 43821, "httpStatusCode": 200}	71a78ad0-3bde-4823-8476-ffcc8f883477	\N	\N	2
26a2aa84-6890-4fff-9967-5aec8cca19ca	audio-files	wake up/.keep.mp3	\N	2025-08-11 13:12:41.699566+00	2025-08-22 06:04:33.190053+00	2025-08-11 13:12:41.699566+00	{"eTag": "\\"cfcd208495d565ef66e7dff9f98764da\\"", "size": 1, "mimetype": "audio/mpeg", "cacheControl": "max-age=3600", "lastModified": "2025-08-11T13:12:42.000Z", "contentLength": 1, "httpStatusCode": 200}	a9af20ab-a5d3-4c32-9049-e375e1406d29	\N	{}	2
36ac050f-ff4d-4793-a4d6-137e2563df8c	audio-files	wake up/example001.mp3	\N	2025-08-11 13:34:42.707783+00	2025-08-22 06:04:33.190053+00	2025-08-11 13:34:42.707783+00	{"eTag": "\\"072d3517508981edd2fab1a1e04e6d34-1\\"", "size": 48429, "mimetype": "audio/mpeg", "cacheControl": "max-age=3600", "lastModified": "2025-08-11T13:34:43.000Z", "contentLength": 48429, "httpStatusCode": 200}	b9af419a-082f-4c50-bdb1-046a5df8e5c3	\N	\N	2
08068e0f-d1c2-4b84-ba59-1b7dcb453880	audio-files	wake up/example002.mp3	\N	2025-08-11 13:34:42.756578+00	2025-08-22 06:04:33.190053+00	2025-08-11 13:34:42.756578+00	{"eTag": "\\"5541eb1951aeea7020292c8a042e9161-1\\"", "size": 61677, "mimetype": "audio/mpeg", "cacheControl": "max-age=3600", "lastModified": "2025-08-11T13:34:43.000Z", "contentLength": 61677, "httpStatusCode": 200}	6516e8bd-abaa-451d-a26b-35af06b1076f	\N	\N	2
6da4a68d-890a-410f-bf4a-7dd28848adf1	audio-files	wake up/example003.mp3	\N	2025-08-11 13:34:42.81979+00	2025-08-22 06:04:33.190053+00	2025-08-11 13:34:42.81979+00	{"eTag": "\\"f90efdcbebf20a1c0c82f1da05f1cf7f-1\\"", "size": 53613, "mimetype": "audio/mpeg", "cacheControl": "max-age=3600", "lastModified": "2025-08-11T13:34:43.000Z", "contentLength": 53613, "httpStatusCode": 200}	cdad71bd-3652-4265-9ec2-641da3897121	\N	\N	2
3f7de84c-4ed0-4942-a380-e867e895ee82	audio-files	wake up/word.mp3	\N	2025-08-13 11:42:58.960778+00	2025-08-22 06:04:33.190053+00	2025-08-13 11:42:58.960778+00	{"eTag": "\\"5141615c82b12cc172533ab19bd5e32b\\"", "size": 22509, "mimetype": "audio/mpeg", "cacheControl": "max-age=3600", "lastModified": "2025-08-13T15:01:17.000Z", "contentLength": 22509, "httpStatusCode": 200}	c9cd879a-dc9c-4186-b94d-e0ca66c3efc4	\N	{}	2
55446a0f-ab68-4f6c-baae-da31bac828be	audio-files	watch out/.keep.mp3	\N	2025-08-11 13:12:41.909735+00	2025-08-22 06:04:33.190053+00	2025-08-11 13:12:41.909735+00	{"eTag": "\\"cfcd208495d565ef66e7dff9f98764da\\"", "size": 1, "mimetype": "audio/mpeg", "cacheControl": "max-age=3600", "lastModified": "2025-08-11T13:12:42.000Z", "contentLength": 1, "httpStatusCode": 200}	80690291-c4c5-45f0-ad7d-52a4504aa112	\N	{}	2
f8aab63f-6e22-4b4c-9cb0-7414d3c9ac9a	audio-files	watch out/example001.mp3	\N	2025-08-11 13:40:53.357548+00	2025-08-22 06:04:33.190053+00	2025-08-11 13:40:53.357548+00	{"eTag": "\\"3df75960ccd59499224ae6d2eb843ae9-1\\"", "size": 38061, "mimetype": "audio/mpeg", "cacheControl": "max-age=3600", "lastModified": "2025-08-11T13:40:53.000Z", "contentLength": 38061, "httpStatusCode": 200}	bce2c301-7103-4cfb-b842-3a19a8965f06	\N	\N	2
2b406840-fb85-4d20-a248-80af2a77310b	audio-files	watch out/example002.mp3	\N	2025-08-11 13:40:53.385869+00	2025-08-22 06:04:33.190053+00	2025-08-11 13:40:53.385869+00	{"eTag": "\\"1555481ec49135ae42ce8f0638c31292-1\\"", "size": 57069, "mimetype": "audio/mpeg", "cacheControl": "max-age=3600", "lastModified": "2025-08-11T13:40:53.000Z", "contentLength": 57069, "httpStatusCode": 200}	9917d045-5e47-42b8-aff2-560288b32355	\N	\N	2
ab400f9e-20d4-4704-adbe-64d8ea45e132	audio-files	watch out/example003.mp3	\N	2025-08-11 13:40:53.440215+00	2025-08-22 06:04:33.190053+00	2025-08-11 13:40:53.440215+00	{"eTag": "\\"1503d30628ea74984af47c06bc925298-1\\"", "size": 41517, "mimetype": "audio/mpeg", "cacheControl": "max-age=3600", "lastModified": "2025-08-11T13:40:53.000Z", "contentLength": 41517, "httpStatusCode": 200}	c2c597a3-b90f-4a3d-914a-cf05f33a75a0	\N	\N	2
3cf7cf70-5cb3-430b-9fbf-ee7f91a2b6e9	audio-files	watch out/word.mp3	\N	2025-08-13 11:43:04.954907+00	2025-08-22 06:04:33.190053+00	2025-08-13 11:43:04.954907+00	{"eTag": "\\"7456c68909f75a803175d87b30dc3abf\\"", "size": 31725, "mimetype": "audio/mpeg", "cacheControl": "max-age=3600", "lastModified": "2025-08-13T15:01:24.000Z", "contentLength": 31725, "httpStatusCode": 200}	7a287356-9351-413a-b34b-7ccce3401285	\N	{}	2
\.


--
-- Data for Name: prefixes; Type: TABLE DATA; Schema: storage; Owner: supabase_storage_admin
--

COPY "storage"."prefixes" ("bucket_id", "name", "created_at", "updated_at") FROM stdin;
audio-files	What should I	2025-08-22 06:04:33.103488+00	2025-08-22 06:04:33.103488+00
audio-files	break up	2025-08-22 06:04:33.103488+00	2025-08-22 06:04:33.103488+00
audio-files	carry on	2025-08-22 06:04:33.103488+00	2025-08-22 06:04:33.103488+00
audio-files	catch up	2025-08-22 06:04:33.103488+00	2025-08-22 06:04:33.103488+00
audio-files	check out	2025-08-22 06:04:33.103488+00	2025-08-22 06:04:33.103488+00
audio-files	come in	2025-08-22 06:04:33.103488+00	2025-08-22 06:04:33.103488+00
audio-files	find out	2025-08-22 06:04:33.103488+00	2025-08-22 06:04:33.103488+00
audio-files	get along	2025-08-22 06:04:33.103488+00	2025-08-22 06:04:33.103488+00
audio-files	get in	2025-08-22 06:04:33.103488+00	2025-08-22 06:04:33.103488+00
audio-files	get out	2025-08-22 06:04:33.103488+00	2025-08-22 06:04:33.103488+00
audio-files	get up	2025-08-22 06:04:33.103488+00	2025-08-22 06:04:33.103488+00
audio-files	give up	2025-08-22 06:04:33.103488+00	2025-08-22 06:04:33.103488+00
audio-files	go out	2025-08-22 06:04:33.103488+00	2025-08-22 06:04:33.103488+00
audio-files	hang out	2025-08-22 06:04:33.103488+00	2025-08-22 06:04:33.103488+00
audio-files	hold on	2025-08-22 06:04:33.103488+00	2025-08-22 06:04:33.103488+00
audio-files	keep up	2025-08-22 06:04:33.103488+00	2025-08-22 06:04:33.103488+00
audio-files	look for	2025-08-22 06:04:33.103488+00	2025-08-22 06:04:33.103488+00
audio-files	make up	2025-08-22 06:04:33.103488+00	2025-08-22 06:04:33.103488+00
audio-files	pick up	2025-08-22 06:04:33.103488+00	2025-08-22 06:04:33.103488+00
audio-files	put on	2025-08-22 06:04:33.103488+00	2025-08-22 06:04:33.103488+00
audio-files	run out of	2025-08-22 06:04:33.103488+00	2025-08-22 06:04:33.103488+00
audio-files	show up	2025-08-22 06:04:33.103488+00	2025-08-22 06:04:33.103488+00
audio-files	take care of	2025-08-22 06:04:33.103488+00	2025-08-22 06:04:33.103488+00
audio-files	take off	2025-08-22 06:04:33.103488+00	2025-08-22 06:04:33.103488+00
audio-files	turn off	2025-08-22 06:04:33.103488+00	2025-08-22 06:04:33.103488+00
audio-files	turn on	2025-08-22 06:04:33.103488+00	2025-08-22 06:04:33.103488+00
audio-files	wake up	2025-08-22 06:04:33.103488+00	2025-08-22 06:04:33.103488+00
audio-files	watch out	2025-08-22 06:04:33.103488+00	2025-08-22 06:04:33.103488+00
\.


--
-- Data for Name: s3_multipart_uploads; Type: TABLE DATA; Schema: storage; Owner: supabase_storage_admin
--

COPY "storage"."s3_multipart_uploads" ("id", "in_progress_size", "upload_signature", "bucket_id", "key", "version", "owner_id", "created_at", "user_metadata") FROM stdin;
\.


--
-- Data for Name: s3_multipart_uploads_parts; Type: TABLE DATA; Schema: storage; Owner: supabase_storage_admin
--

COPY "storage"."s3_multipart_uploads_parts" ("id", "upload_id", "size", "part_number", "bucket_id", "key", "etag", "owner_id", "version", "created_at") FROM stdin;
\.


--
-- Name: refresh_tokens_id_seq; Type: SEQUENCE SET; Schema: auth; Owner: supabase_auth_admin
--

SELECT pg_catalog.setval('"auth"."refresh_tokens_id_seq"', 341, true);


--
-- PostgreSQL database dump complete
--

RESET ALL;
